station,datetime,temp,pressure,humidity,windspeed,winddeg,cloudall,weathermain,day_of_week,hour,traffic_level,sea_level,population,population_density,household,household_density,green_space,green_space_area,factory_num,factory_area,lat,lon,pm10,pm2_5,so2,no2,o3,co,season_Hot Season,season_Rainy Season,season_Cool Season,station_10T,station_11T,station_12T,station_15T,station_3T,station_5T,station_61T,pm10_log,so2_log,no2_log,o3_log,co_log,predicted_pm2_5
10T,2025-04-07 18:00:00,302.85,1011.0,68.0,3.1,202.0,60.0,Clouds,0.0,18.0,4.0,20.0,179899.0,1452.45,105461.0,0.09,3.95,0.01,493.0,4770457.0,13.7291,100.775,501.26,370.82,87.74,227.57,0.0,9292.6,0.0,0.0,0.0,1,0,0,0,0,0,0,6.21911791390002,4.4857107459507635,5.431842509153028,0.0,9.137081270199266,370.47969901225173
10T,2025-04-07 19:00:00,302.69,1011.0,70.33333333333333,2.786666666666666,204.0,73.33333333333333,Clouds,0.0,19.0,3.333333333333333,20.0,179899.0,1452.45,105461.0,0.09,3.95,0.01,493.0,4770457.0,13.7291,100.775,442.59,317.75,79.16,186.44,0.0,8010.86,0.0,0.0,0.0,1,0,0,0,0,0,0,6.094900712390739,4.384024637336554,5.2334587941995405,0.0,8.988678222843724,318.7742697202085
10T,2025-04-07 20:00:00,302.53000000000003,1011.0,72.66666666666667,2.4733333333333336,206.0,86.66666666666667,Clouds,0.0,20.0,2.666666666666667,20.0,179899.0,1452.45,105461.0,0.09,3.95,0.01,493.0,4770457.0,13.7291,100.775,371.89,258.24,71.53,148.06,0.0,6462.1,0.0,0.0,0.0,1,0,0,0,0,0,0,5.921283469984221,4.284000269375321,5.004348909453547,0.0,8.773864357833896,245.7417440921129
10T,2025-04-07 21:00:00,302.37,1011.0,75.0,2.16,208.0,100.0,Clouds,0.0,21.0,2.0,20.0,179899.0,1452.45,105461.0,0.09,3.95,0.01,493.0,4770457.0,13.7291,100.775,320.9,214.7,66.76,120.64,0.0,5287.17,0.0,0.0,0.0,1,0,0,0,0,0,0,5.774240938304763,4.215972050343799,4.801065862809164,0.0,8.57322752927499,185.59198577490614
10T,2025-04-07 22:00:00,302.30333333333334,1011.6666666666666,74.33333333333333,2.4633333333333334,206.33333333333331,100.0,Clouds,0.3333333333333333,14.0,1.6666666666666667,20.0,179899.0,1452.45,105461.0,0.09,3.95,0.01,493.0,4770457.0,13.7291,100.775,294.13,190.72,63.9,101.45,0.0,4699.71,0.0,0.0,0.0,1,0,0,0,0,0,0,5.687415937235904,4.1728476237100445,4.629374874684909,0.0,8.455468840118947,183.07715250228955
10T,2025-04-07 23:00:00,302.2366666666667,1012.3333333333334,73.66666666666667,2.7666666666666666,204.66666666666663,100.0,Clouds,0.6666666666666666,7.0,1.3333333333333337,20.0,179899.0,1452.45,105461.0,0.09,3.95,0.01,493.0,4770457.0,13.7291,100.775,302.43,194.37,67.71,93.22,0.0,4913.33,0.0,0.0,0.0,1,0,0,0,0,0,0,5.715150941393362,4.229894749042985,4.545632473271895,0.0,8.499910705893479,179.46428344613724
10T,2025-04-08 00:00:00,302.17,1013.0,73.0,3.07,203.0,100.0,Clouds,1.0,0.0,1.0,20.0,179899.0,1452.45,105461.0,0.09,3.95,0.01,493.0,4770457.0,13.7291,100.775,352.77,231.68,82.02,93.22,0.02,6515.5,0.0,0.0,0.0,1,0,0,0,0,0,0,5.868646984461759,4.419081542624893,4.545632473271895,0.019802627296179712,8.782092700970775,234.85852895308147
10T,2025-04-08 01:00:00,302.76666666666665,1013.3333333333334,66.66666666666667,3.283333333333333,197.66666666666663,100.0,Clouds,1.0,1.0,1.0,20.0,179899.0,1452.45,105461.0,0.09,3.95,0.01,493.0,4770457.0,13.7291,100.775,427.59,287.87,88.69,105.56,0.33,9399.41,0.0,0.0,0.0,1,0,0,0,0,0,0,6.060500750989405,4.496359280129911,4.668708206792079,0.2851789422336624,9.148508584328177,300.7209147912883
10T,2025-04-08 02:00:00,303.36333333333334,1013.6666666666666,60.333333333333336,3.4966666666666666,192.33333333333331,100.0,Clouds,1.0,2.0,1.0,20.0,179899.0,1452.45,105461.0,0.09,3.95,0.01,493.0,4770457.0,13.7291,100.775,503.08,342.86,86.78,156.28,3.58,11001.59,0.0,0.0,0.0,1,0,0,0,0,0,0,6.2227349856338,4.474833684260088,5.058027656398856,1.5216989981260935,9.305885978610892,372.48642855924425
10T,2025-04-08 03:00:00,303.96,1014.0,54.0,3.71,187.0,100.0,Clouds,1.0,3.0,1.0,20.0,179899.0,1452.45,105461.0,0.09,3.95,0.01,493.0,4770457.0,13.7291,100.775,662.85,469.09,92.51,293.37,95.84,10894.78,0.0,0.0,0.0,1,0,0,0,0,0,0,6.498056220341911,4.5380683824473556,5.684837479488428,4.573060132069858,9.296130837289713,497.49687154761915
10T,2025-04-08 04:00:00,304.99,1013.3333333333334,52.66666666666666,3.86,187.66666666666663,99.33333333333331,Clouds,1.0,4.0,1.6666666666666663,20.0,179899.0,1452.45,105461.0,0.09,3.95,0.01,493.0,4770457.0,13.7291,100.775,473.23,346.32,65.8,106.93,306.13,4806.52,0.0,0.0,0.0,1,0,0,0,0,0,0,6.161692436075576,4.2017030805426,4.681482868837255,5.7272711107251055,8.477936637620688,367.6156599243905
10T,2025-04-08 05:00:00,306.02,1012.6666666666666,51.333333333333336,4.01,188.33333333333331,98.66666666666669,Clouds,1.0,5.0,2.333333333333333,20.0,179899.0,1452.45,105461.0,0.09,3.95,0.01,493.0,4770457.0,13.7291,100.775,280.61,216.96,51.02,65.12,243.19,3017.43,0.0,0.0,0.0,1,0,0,0,0,0,0,5.64052313501701,3.9516282600205055,4.191471272952824,5.497946610797179,8.01249210764126,213.81784044173259
10T,2025-04-08 06:00:00,307.05,1012.0,50.0,4.16,189.0,98.0,Clouds,1.0,6.0,3.0,20.0,179899.0,1452.45,105461.0,0.09,3.95,0.01,493.0,4770457.0,13.7291,100.775,177.18,135.93,48.16,70.6,143.05,2456.67,0.0,0.0,0.0,1,0,0,0,0,0,0,5.182794275292498,3.895080284697834,4.2710950739666,4.970160461530537,7.806969025620635,127.94397419450841
10T,2025-04-08 07:00:00,306.68,1011.0,50.333333333333336,4.38,188.66666666666663,98.66666666666669,Clouds,1.0,7.0,3.0,20.0,179899.0,1452.45,105461.0,0.09,3.95,0.01,493.0,4770457.0,13.7291,100.775,146.37,108.44,57.7,97.33,52.21,2643.59,0.0,0.0,0.0,1,0,0,0,0,0,0,4.992946431225172,4.072439726834051,4.588329168792065,3.9742463486082777,7.880271322825397,83.31800393754291
10T,2025-04-08 08:00:00,306.31,1010.0,50.66666666666666,4.6000000000000005,188.33333333333331,99.33333333333331,Clouds,1.0,8.0,3.0,20.0,179899.0,1452.45,105461.0,0.09,3.95,0.01,493.0,4770457.0,13.7291,100.775,167.93,122.11,75.34,130.24,6.08,3337.86,0.0,0.0,0.0,1,0,0,0,0,0,0,5.129484427934637,4.3351970473170836,4.877027708092901,1.9572739077056285,8.113384710343448,95.85137033208302
10T,2025-04-08 09:00:00,305.94,1009.0,51.0,4.82,188.0,100.0,Clouds,1.0,9.0,3.0,20.0,179899.0,1452.45,105461.0,0.09,3.95,0.01,493.0,4770457.0,13.7291,100.775,192.82,140.96,88.69,142.57,0.56,4005.43,0.0,0.0,0.0,1,0,0,0,0,0,0,5.266929893306404,4.496359280129911,4.966822721139603,0.44468582126144574,8.295655849456859,111.59689454311075
10T,2025-04-08 10:00:00,305.02,1009.3333333333334,55.0,4.6066666666666665,185.66666666666663,95.0,Clouds,1.0,10.0,3.0,20.0,179899.0,1452.45,105461.0,0.09,3.95,0.01,493.0,4770457.0,13.7291,100.775,223.54,163.77,103.95,157.65,2.75,4913.33,0.0,0.0,0.0,1,0,0,0,0,0,0,5.414053865030634,4.653484046266642,5.066700518029204,1.3217558399823195,8.499910705893479,131.91311047273982
10T,2025-04-08 11:00:00,304.1,1009.6666666666666,59.0,4.3933333333333335,183.33333333333331,90.0,Clouds,1.0,11.0,3.0,20.0,179899.0,1452.45,105461.0,0.09,3.95,0.01,493.0,4770457.0,13.7291,100.775,284.08,208.47,127.79,189.19,0.48,6195.07,0.0,0.0,0.0,1,0,0,0,0,0,0,5.65276984263367,4.858183170904579,5.24802357249357,0.3920420877760237,8.731670499084304,173.89176743697485
11T,2025-04-07 18:00:00,301.94,1011.0,79.0,3.58,189.0,81.0,Clouds,0.0,18.0,4.0,26.0,101330.0,3437.36,44465.0,0.15,13.76,0.05,77.0,144736.0,13.7898,100.4486,158.51,93.29,19.31,63.06,0.16,2216.34,0.0,0.0,0.0,1,0,0,0,0,0,0,5.072106616184357,3.011113375592293,4.159820144181012,0.1484200051182733,7.704063558254741,98.42110957695766
11T,2025-04-07 19:00:00,301.9766666666667,1011.0,77.0,3.11,195.0,81.33333333333333,Clouds,0.0,19.0,3.333333333333333,26.0,101330.0,3437.36,44465.0,0.15,13.76,0.05,77.0,144736.0,13.7898,100.4486,135.16,82.05,16.93,54.84,1.57,1869.2,0.0,0.0,0.0,1,0,0,0,0,0,0,4.913830664825064,2.8864752876170416,4.022490458454117,0.9439058989071284,7.533800656001347,75.45368086957795
11T,2025-04-07 20:00:00,302.0133333333333,1011.0,75.0,2.64,201.0,81.66666666666667,Clouds,0.0,20.0,2.666666666666667,26.0,101330.0,3437.36,44465.0,0.15,13.76,0.05,77.0,144736.0,13.7898,100.4486,125.12,78.54,15.14,47.98,2.62,1708.98,0.0,0.0,0.0,1,0,0,0,0,0,0,4.83723383467686,2.7813006628418027,3.891412051524022,1.2864740258376797,7.444236953521875,67.44096029231626
11T,2025-04-07 21:00:00,302.05,1011.0,73.0,2.17,207.0,82.0,Clouds,0.0,21.0,2.0,26.0,101330.0,3437.36,44465.0,0.15,13.76,0.05,77.0,144736.0,13.7898,100.4486,126.32,81.13,15.14,45.93,1.83,1682.28,0.0,0.0,0.0,0,1,0,0,0,0,0,4.846703602413892,2.7813006628418027,3.8486571298063263,1.0402767116551463,7.428499549931057,81.7223674650684
11T,2025-04-07 22:00:00,301.95,1011.6666666666666,73.0,2.466666666666667,199.0,85.0,Clouds,0.3333333333333333,14.0,1.6666666666666667,26.0,101330.0,3437.36,44465.0,0.15,13.76,0.05,77.0,144736.0,13.7898,100.4486,133.86,87.28,16.45,45.24,0.53,1762.39,0.0,0.0,0.0,0,1,0,0,0,0,0,4.904237203306436,2.859339648648436,3.833845224364122,0.4252677354043441,7.474993371773742,91.61149049530542
11T,2025-04-07 23:00:00,301.85,1012.3333333333334,73.0,2.763333333333333,191.0,88.0,Clouds,0.6666666666666666,7.0,1.3333333333333337,26.0,101330.0,3437.36,44465.0,0.15,13.76,0.05,77.0,144736.0,13.7898,100.4486,143.88,94.97,19.55,45.93,0.05,1922.61,0.0,0.0,0.0,0,1,0,0,0,0,0,4.9759058135751575,3.022860940942244,3.8486571298063263,0.048790164169432,7.5619589079759795,96.73992249856228
11T,2025-04-08 00:00:00,301.75,1013.0,73.0,3.06,183.0,91.0,Clouds,1.0,0.0,1.0,26.0,101330.0,3437.36,44465.0,0.15,13.76,0.05,77.0,144736.0,13.7898,100.4486,164.53,110.96,26.7,48.67,0.13,2403.26,0.0,0.0,0.0,0,1,0,0,0,0,0,5.109152447272074,3.3214324131932926,3.905401129119259,0.12221763272424921,7.784997442885179,112.59946436112885
11T,2025-04-08 01:00:00,302.07,1013.3333333333334,65.66666666666667,3.1166666666666667,182.66666666666663,94.0,Clouds,1.0,1.0,1.0,26.0,101330.0,3437.36,44465.0,0.15,13.76,0.05,77.0,144736.0,13.7898,100.4486,225.52,155.66,52.93,63.06,0.2,4272.46,0.0,0.0,0.0,0,1,0,0,0,0,0,5.422833241245605,3.9876869093491356,4.159820144181012,0.18232155679395465,8.360179082552907,165.94083663985293
11T,2025-04-08 02:00:00,302.39,1013.6666666666666,58.333333333333336,3.1733333333333333,182.33333333333331,97.0,Clouds,1.0,2.0,1.0,26.0,101330.0,3437.36,44465.0,0.15,13.76,0.05,77.0,144736.0,13.7898,100.4486,321.02,222.28,83.92,87.05,0.53,7156.37,0.0,0.0,0.0,0,1,0,0,0,0,0,5.774613655416792,4.441709636835055,4.4779048349422155,0.4252677354043441,8.875897874040996,236.93534292324003
11T,2025-04-08 03:00:00,302.71,1014.0,51.0,3.23,182.0,100.0,Clouds,1.0,3.0,1.0,26.0,101330.0,3437.36,44465.0,0.15,13.76,0.05,77.0,144736.0,13.7898,100.4486,429.32,298.92,113.49,163.14,2.15,9826.66,0.0,0.0,0.0,0,1,0,0,0,0,0,6.064529117964987,4.740487482935721,5.100719722201566,1.1474024528375417,9.192956138008054,329.2994022923428
11T,2025-04-08 04:00:00,304.23,1013.0,48.0,3.8466666666666662,178.66666666666666,99.66666666666669,Clouds,1.0,4.0,1.6666666666666663,26.0,101330.0,3437.36,44465.0,0.15,13.76,0.05,77.0,144736.0,13.7898,100.4486,336.37,244.97,96.32,165.88,92.98,4753.11,0.0,0.0,0.0,0,1,0,0,0,0,0,5.821180250924531,4.578004517915322,5.117274991252462,4.54308199367467,8.46676478606221,267.4432837301588
11T,2025-04-08 05:00:00,305.75,1012.0,45.0,4.463333333333333,175.33333333333334,99.33333333333331,Clouds,1.0,5.0,2.333333333333333,26.0,101330.0,3437.36,44465.0,0.15,13.76,0.05,77.0,144736.0,13.7898,100.4486,332.61,265.34,71.53,95.96,197.41,3791.81,0.0,0.0,0.0,0,1,0,0,0,0,0,5.809972646054504,4.284000269375321,4.574298522321004,5.290335596806379,8.240862448158994,261.88466228371584
11T,2025-04-08 06:00:00,307.27,1011.0,42.0,5.08,172.0,99.0,Clouds,1.0,6.0,3.0,26.0,101330.0,3437.36,44465.0,0.15,13.76,0.05,77.0,144736.0,13.7898,100.4486,314.56,260.78,64.85,79.51,203.13,3631.59,0.0,0.0,0.0,0,1,0,0,0,0,0,5.754348838226889,4.18737942818929,4.388381400311889,5.3187570457854925,8.197701171462356,246.14691154601914
11T,2025-04-08 07:00:00,307.0233333333333,1010.3333333333334,43.66666666666666,4.8933333333333335,173.66666666666666,99.33333333333331,Clouds,1.0,7.0,3.0,26.0,101330.0,3437.36,44465.0,0.15,13.76,0.05,77.0,144736.0,13.7898,100.4486,242.74,204.83,54.36,71.97,144.48,3177.64,0.0,0.0,0.0,0,1,0,0,0,0,0,5.496102083395356,4.0138573113094145,4.290048397777529,4.980038620118788,8.064208711340086,191.1414068373567
11T,2025-04-08 08:00:00,306.77666666666664,1009.6666666666666,45.333333333333336,4.706666666666666,175.33333333333334,99.66666666666669,Clouds,1.0,8.0,3.0,26.0,101330.0,3437.36,44465.0,0.15,13.76,0.05,77.0,144736.0,13.7898,100.4486,184.61,154.86,51.02,73.34,92.98,2777.1,0.0,0.0,0.0,0,1,0,0,0,0,0,5.223647698211007,3.9516282600205055,4.308649164869106,4.54308199367467,7.929522519786639,134.54234091387877
11T,2025-04-08 09:00:00,306.53,1009.0,47.0,4.52,177.0,100.0,Clouds,1.0,9.0,3.0,26.0,101330.0,3437.36,44465.0,0.15,13.76,0.05,77.0,144736.0,13.7898,100.4486,140.32,115.24,49.59,76.77,58.65,2483.37,0.0,0.0,0.0,0,1,0,0,0,0,0,4.951026822490944,3.923753928303845,4.353755752706852,4.0884941485439255,7.817774385262055,95.06565808299928
11T,2025-04-08 10:00:00,305.57,1009.3333333333334,51.66666666666666,4.6866666666666665,174.33333333333334,97.33333333333331,Clouds,1.0,10.0,3.0,26.0,101330.0,3437.36,44465.0,0.15,13.76,0.05,77.0,144736.0,13.7898,100.4486,154.83,122.54,65.8,119.27,16.09,3204.35,0.0,0.0,0.0,0,1,0,0,0,0,0,5.048765669457524,4.2017030805426,4.789739215322525,2.8384934971274993,8.072576567760581,109.14251169810893
11T,2025-04-08 11:00:00,304.61,1009.6666666666666,56.333333333333336,4.853333333333333,171.66666666666666,94.66666666666669,Clouds,1.0,11.0,3.0,26.0,101330.0,3437.36,44465.0,0.15,13.76,0.05,77.0,144736.0,13.7898,100.4486,206.37,161.06,83.92,154.91,1.06,4592.9,0.0,0.0,0.0,0,1,0,0,0,0,0,5.334504637309749,4.441709636835055,5.0492789176884605,0.7227059828014898,8.43248461548927,151.2920352439423
12T,2025-04-07 18:00:00,302.51,1011.0,64.0,3.59,189.0,57.0,Clouds,0.0,18.0,4.0,3.0,118634.0,10275.79,78240.0,0.68,2.3,0.02,272.0,297638.0,13.8225,100.5147,121.95,72.09,5.31,31.19,12.34,1615.52,0.0,0.0,0.0,0,1,0,0,0,0,0,4.811777768662202,1.8421356765531218,3.4716558453107167,2.590767040487478,7.388030969498477,71.8458692629942
12T,2025-04-07 19:00:00,302.36,1011.0,66.33333333333333,3.08,195.33333333333331,65.33333333333333,Clouds,0.0,19.0,3.333333333333333,3.0,118634.0,10275.79,78240.0,0.68,2.3,0.02,272.0,297638.0,13.8225,100.5147,106.44,68.7,3.82,21.25,21.46,1455.31,0.0,0.0,0.0,0,1,0,0,0,0,0,4.676932552214982,1.572773928062509,3.1023420086122493,3.111735949310297,7.283661118181981,66.68195898119474
12T,2025-04-07 20:00:00,302.21,1011.0,68.66666666666667,2.5700000000000003,201.66666666666663,73.66666666666667,Clouds,0.0,20.0,2.666666666666667,3.0,118634.0,10275.79,78240.0,0.68,2.3,0.02,272.0,297638.0,13.8225,100.5147,99.19,69.36,3.1,16.62,22.89,1375.2,0.0,0.0,0.0,0,1,0,0,0,0,0,4.607068383271171,1.410986973710262,2.8690346205080335,3.173459961337718,7.227081356768379,68.24659287721309
12T,2025-04-07 21:00:00,302.06,1011.0,71.0,2.06,208.0,82.0,Clouds,0.0,21.0,2.0,3.0,118634.0,10275.79,78240.0,0.68,2.3,0.02,272.0,297638.0,13.8225,100.5147,97.42,71.79,3.04,15.77,19.31,1361.85,0.0,0.0,0.0,0,1,0,0,0,0,0,4.589244035437832,1.3962446919730587,2.8195915758351173,3.011113375592293,7.217333374283138,66.31435136135765
12T,2025-04-07 22:00:00,301.94,1011.6666666666666,71.33333333333333,2.4033333333333333,200.33333333333331,85.0,Clouds,0.3333333333333333,14.0,1.6666666666666667,3.0,118634.0,10275.79,78240.0,0.68,2.3,0.02,272.0,297638.0,13.8225,100.5147,97.11,74.51,3.31,16.97,14.31,1388.55,0.0,0.0,0.0,0,1,0,0,0,0,0,4.5860892981753,1.4609379041156565,2.8887037007954675,2.7285062096695922,7.23673523270211,66.05673077317857
12T,2025-04-07 23:00:00,301.82,1012.3333333333334,71.66666666666667,2.7466666666666666,192.66666666666663,88.0,Clouds,0.6666666666666666,7.0,1.3333333333333337,3.0,118634.0,10275.79,78240.0,0.68,2.3,0.02,272.0,297638.0,13.8225,100.5147,97.43,76.46,3.73,19.36,10.28,1441.96,0.0,0.0,0.0,0,1,0,0,0,0,0,4.58934563564112,1.5539252025038417,3.013572191682322,2.423031246069913,7.274451838361943,65.63134670380799
12T,2025-04-08 00:00:00,301.7,1013.0,72.0,3.09,185.0,91.0,Clouds,1.0,0.0,1.0,3.0,118634.0,10275.79,78240.0,0.68,2.3,0.02,272.0,297638.0,13.8225,100.5147,99.35,78.15,5.25,26.05,5.28,1562.12,0.0,0.0,0.0,0,0,1,0,0,0,0,4.608664075242347,1.8325814637483102,3.2976870052924907,1.8373699804801074,7.354439102906256,67.5735236693771
12T,2025-04-08 01:00:00,301.98,1013.3333333333334,65.0,3.056666666666666,184.66666666666663,94.0,Clouds,1.0,1.0,1.0,3.0,118634.0,10275.79,78240.0,0.68,2.3,0.02,272.0,297638.0,13.8225,100.5147,104.74,80.28,9.06,35.3,1.88,1976.01,0.0,0.0,0.0,0,0,1,0,0,0,0,4.660983250807304,2.3085671646715933,3.591817741270805,1.0577902941478545,7.589340881326767,64.4244429235219
12T,2025-04-08 02:00:00,302.26,1013.6666666666666,58.0,3.023333333333333,184.33333333333331,97.0,Clouds,1.0,2.0,1.0,3.0,118634.0,10275.79,78240.0,0.68,2.3,0.02,272.0,297638.0,13.8225,100.5147,123.72,91.11,13.47,52.78,7.06,2830.51,0.0,0.0,0.0,0,0,1,0,0,0,0,4.826071224749521,2.6720775406433925,3.9849016508407185,2.0869135565185366,7.948565417244604,71.3922037117515
12T,2025-04-08 03:00:00,302.54,1014.0,51.0,2.99,184.0,100.0,Clouds,1.0,3.0,1.0,3.0,118634.0,10275.79,78240.0,0.68,2.3,0.02,272.0,297638.0,13.8225,100.5147,158.73,114.47,17.64,82.94,41.84,3791.81,0.0,0.0,0.0,0,0,1,0,0,0,0,5.073484889801866,2.925309809257445,4.430102257905445,3.757472245579548,8.240862448158994,111.65384962066776
12T,2025-04-08 04:00:00,304.12666666666667,1013.0,47.66666666666666,3.4833333333333334,179.33333333333334,99.66666666666669,Clouds,1.0,4.0,1.6666666666666663,3.0,118634.0,10275.79,78240.0,0.68,2.3,0.02,272.0,297638.0,13.8225,100.5147,109.96,79.51,14.42,25.36,120.16,1628.88,0.0,0.0,0.0,0,0,1,0,0,0,0,4.7091697760065765,2.7356653681351832,3.2718477096343066,4.797111986159036,7.3962616714588485,76.77578342990726
12T,2025-04-08 05:00:00,305.71333333333337,1012.0,44.333333333333336,3.9766666666666666,174.66666666666666,99.33333333333331,Clouds,1.0,5.0,2.333333333333333,3.0,118634.0,10275.79,78240.0,0.68,2.3,0.02,272.0,297638.0,13.8225,100.5147,98.68,69.72,12.16,15.94,145.91,1281.74,0.0,0.0,0.0,0,0,1,0,0,0,0,4.601965055039143,2.5771819258971713,2.8296776892239084,4.989820154382335,7.156753694040372,73.07139185707521
12T,2025-04-08 06:00:00,307.3,1011.0,41.0,4.47,170.0,99.0,Clouds,1.0,6.0,3.0,3.0,118634.0,10275.79,78240.0,0.68,2.3,0.02,272.0,297638.0,13.8225,100.5147,99.53,71.24,15.02,18.34,155.93,1268.39,0.0,0.0,0.0,0,0,1,0,0,0,0,4.610456190417329,2.7738379416402132,2.9621754900251482,5.055799846050629,7.146291749103827,73.18994779184318
12T,2025-04-08 07:00:00,307.0966666666667,1010.3333333333334,42.66666666666666,4.386666666666667,173.66666666666666,99.33333333333331,Clouds,1.0,7.0,3.0,3.0,118634.0,10275.79,78240.0,0.68,2.3,0.02,272.0,297638.0,13.8225,100.5147,93.09,67.13,19.07,24.68,127.32,1295.09,0.0,0.0,0.0,0,0,1,0,0,0,0,4.544251771018675,2.9992261628082466,3.2457124788217606,4.8545271441182045,7.167107318945511,65.73673055683523
12T,2025-04-08 08:00:00,306.8933333333333,1009.6666666666666,44.333333333333336,4.303333333333333,177.33333333333334,99.66666666666669,Clouds,1.0,8.0,3.0,3.0,118634.0,10275.79,78240.0,0.68,2.3,0.02,272.0,297638.0,13.8225,100.5147,88.18,62.01,23.6,34.96,95.84,1375.2,0.0,0.0,0.0,0,0,1,0,0,0,0,4.49065679919933,3.202746442938317,3.5824072096034194,4.573060132069858,7.227081356768379,60.81194524866467
12T,2025-04-08 09:00:00,306.69,1009.0,46.0,4.22,181.0,100.0,Clouds,1.0,9.0,3.0,3.0,118634.0,10275.79,78240.0,0.68,2.3,0.02,272.0,297638.0,13.8225,100.5147,84.4,56.86,27.66,45.93,72.24,1482.01,0.0,0.0,0.0,0,0,1,0,0,0,0,4.447346100794524,3.3555024224000256,3.8486571298063263,4.2937417198063095,7.301829085203532,52.41399514634225
12T,2025-04-08 10:00:00,305.78333333333336,1009.3333333333334,50.333333333333336,4.43,177.33333333333334,98.0,Clouds,1.0,10.0,3.0,3.0,118634.0,10275.79,78240.0,0.68,2.3,0.02,272.0,297638.0,13.8225,100.5147,95.26,62.39,33.85,73.34,42.2,1922.61,0.0,0.0,0.0,0,0,1,0,0,0,0,4.567052863874963,3.551053137206533,4.308649164869106,3.765840495250065,7.5619589079759795,59.72351341171699
12T,2025-04-08 11:00:00,304.87666666666667,1009.6666666666666,54.66666666666666,4.64,173.66666666666666,96.0,Clouds,1.0,11.0,3.0,3.0,118634.0,10275.79,78240.0,0.68,2.3,0.02,272.0,297638.0,13.8225,100.5147,131.17,88.09,47.21,126.12,9.03,2964.02,0.0,0.0,0.0,0,0,1,0,0,0,0,4.884088972769716,3.875566468417531,4.845131522228461,2.305580601973844,7.994639056771639,81.73004595525886
15T,2025-04-07 18:00:00,301.83,1011.0,71.0,3.51,190.0,84.0,Clouds,0.0,18.0,4.0,16.0,192234.0,4324.14,97036.0,0.22,5.27,0.02,569.0,1148799.0,13.7083,100.3728,84.02,57.23,4.41,13.88,49.35,1214.98,0.0,0.0,0.0,0,0,1,0,0,0,0,4.442886522930644,1.6882490928583902,2.700018029404946,3.9189986191645714,7.103305615022432,57.62137160082173
15T,2025-04-07 19:00:00,301.84666666666664,1011.0,73.0,3.12,195.66666666666663,84.33333333333333,Clouds,0.0,19.0,3.333333333333333,16.0,192234.0,4324.14,97036.0,0.22,5.27,0.02,569.0,1148799.0,13.7083,100.3728,77.24,53.71,3.79,11.14,54.36,1108.17,0.0,0.0,0.0,0,0,1,0,0,0,0,4.359781025726562,1.5665304114228238,2.4965057856313524,4.0138573113094145,7.011367266855845,48.183170582499095
15T,2025-04-07 20:00:00,301.86333333333334,1011.0,75.0,2.73,201.33333333333331,84.66666666666667,Clouds,0.0,20.0,2.666666666666667,16.0,192234.0,4324.14,97036.0,0.22,5.27,0.02,569.0,1148799.0,13.7083,100.3728,72.99,50.86,3.28,10.03,51.5,1041.41,0.0,0.0,0.0,0,0,1,0,0,0,0,4.303929948937459,1.4539530095937052,2.400618833265411,3.960813169597578,6.949290619010975,40.57074556661164
15T,2025-04-07 21:00:00,301.88,1011.0,77.0,2.34,207.0,85.0,Clouds,0.0,21.0,2.0,16.0,192234.0,4324.14,97036.0,0.22,5.27,0.02,569.0,1148799.0,13.7083,100.3728,73.64,50.58,2.92,9.77,45.42,1014.71,0.0,0.0,0.0,0,0,1,0,0,0,0,4.312676556539088,1.366091653802371,2.3767644911682972,3.837730400846291,6.923343154323788,43.932131313317726
15T,2025-04-07 22:00:00,301.82666666666665,1011.6666666666666,76.0,2.56,198.33333333333331,87.66666666666667,Clouds,0.3333333333333333,14.0,1.6666666666666667,16.0,192234.0,4324.14,97036.0,0.22,5.27,0.02,569.0,1148799.0,13.7083,100.3728,77.89,52.27,2.71,10.03,37.91,1014.71,0.0,0.0,0.0,0,0,1,0,0,0,0,4.368054477106998,1.3110318766193438,2.400618833265411,3.661251286996462,6.923343154323788,47.28870527493914
15T,2025-04-07 23:00:00,301.77333333333337,1012.3333333333334,75.0,2.78,189.66666666666663,90.33333333333331,Clouds,0.6666666666666666,7.0,1.3333333333333337,16.0,192234.0,4324.14,97036.0,0.22,5.27,0.02,569.0,1148799.0,13.7083,100.3728,83.66,54.09,2.74,10.71,30.76,1028.06,0.0,0.0,0.0,0,0,1,0,0,0,0,4.438643235092778,1.3190856114264407,2.460443177609626,3.458207636378935,6.936401043172045,49.4248808109785
15T,2025-04-08 00:00:00,301.72,1013.0,74.0,3.0,181.0,93.0,Clouds,1.0,0.0,1.0,16.0,192234.0,4324.14,97036.0,0.22,5.27,0.02,569.0,1148799.0,13.7083,100.3728,93.87,57.54,3.19,12.85,23.25,1108.17,0.0,0.0,0.0,0,0,1,0,0,0,0,4.5525075334047855,1.4327007339340463,2.6282852326333477,3.188416617383492,7.011367266855845,56.648378271118965
15T,2025-04-08 01:00:00,302.13,1013.3333333333334,67.0,3.2533333333333334,179.66666666666666,95.33333333333331,Clouds,1.0,1.0,1.0,16.0,192234.0,4324.14,97036.0,0.22,5.27,0.02,569.0,1148799.0,13.7083,100.3728,108.32,63.15,3.87,17.48,13.23,1214.98,0.0,0.0,0.0,0,0,1,0,0,0,0,4.694279361059867,1.5830939370944985,2.916689066213538,2.655352412101761,7.103305615022432,60.76256364612637
15T,2025-04-08 02:00:00,302.54,1013.6666666666666,60.0,3.5066666666666664,178.33333333333334,97.66666666666669,Clouds,1.0,2.0,1.0,16.0,192234.0,4324.14,97036.0,0.22,5.27,0.02,569.0,1148799.0,13.7083,100.3728,128.33,74.31,6.86,28.45,7.51,1482.01,0.0,0.0,0.0,0,0,1,0,0,0,0,4.862367277427153,2.061786606441115,3.3826939100975957,2.1412419425852827,7.301829085203532,83.79758035566823
15T,2025-04-08 03:00:00,302.95,1014.0,53.0,3.76,177.0,100.0,Clouds,1.0,3.0,1.0,16.0,192234.0,4324.14,97036.0,0.22,5.27,0.02,569.0,1148799.0,13.7083,100.3728,163.91,97.78,15.02,51.41,7.24,2189.64,0.0,0.0,0.0,0,0,0,1,0,0,0,5.105399870540679,2.7738379416402132,3.959097412814075,2.1090003439213802,7.691949017560424,114.71305600996897
15T,2025-04-08 04:00:00,304.3566666666667,1013.3333333333334,50.66666666666666,4.376666666666667,173.66666666666666,100.0,Clouds,1.0,4.0,1.6666666666666663,16.0,192234.0,4324.14,97036.0,0.22,5.27,0.02,569.0,1148799.0,13.7083,100.3728,123.1,77.38,26.94,47.98,55.79,1762.39,0.0,0.0,0.0,0,0,0,1,0,0,0,4.821087692210561,3.330059353828816,3.891412051524022,4.039360253889341,7.474993371773742,76.03542087747829
15T,2025-04-08 05:00:00,305.7633333333333,1012.6666666666666,48.333333333333336,4.993333333333333,170.33333333333334,100.0,Clouds,1.0,5.0,2.333333333333333,16.0,192234.0,4324.14,97036.0,0.22,5.27,0.02,569.0,1148799.0,13.7083,100.3728,138.94,101.1,34.81,56.21,84.4,2082.82,0.0,0.0,0.0,0,0,0,1,0,0,0,4.94121375931775,3.5782271840103412,4.046728708280438,4.447346100794524,7.641958026782106,93.80369699973818
15T,2025-04-08 06:00:00,307.17,1012.0,46.0,5.61,167.0,100.0,Clouds,1.0,6.0,3.0,16.0,192234.0,4324.14,97036.0,0.22,5.27,0.02,569.0,1148799.0,13.7083,100.3728,224.45,181.0,44.35,63.06,135.9,2883.91,0.0,0.0,0.0,0,0,0,1,0,0,0,5.418098404867093,3.814410176561146,4.159820144181012,4.919250732294404,7.967248982615045,170.70910038749724
15T,2025-04-08 07:00:00,306.78000000000003,1011.0,47.333333333333336,5.4366666666666665,166.66666666666666,100.0,Clouds,1.0,7.0,3.0,16.0,192234.0,4324.14,97036.0,0.22,5.27,0.02,569.0,1148799.0,13.7083,100.3728,270.92,227.92,38.62,47.3,163.08,3231.05,0.0,0.0,0.0,0,0,0,1,0,0,0,5.605507905387861,3.6793340412704048,3.877431560658527,5.1003541137641255,8.080871889818352,231.50884131628655
15T,2025-04-08 08:00:00,306.39,1010.0,48.66666666666666,5.263333333333334,166.33333333333334,100.0,Clouds,1.0,8.0,3.0,16.0,192234.0,4324.14,97036.0,0.22,5.27,0.02,569.0,1148799.0,13.7083,100.3728,246.09,209.15,30.04,34.62,151.63,3017.43,0.0,0.0,0.0,0,0,0,1,0,0,0,5.509752642730086,3.435276695315018,3.5729072778615154,5.02801669192703,8.01249210764126,190.94671916816927
15T,2025-04-08 09:00:00,306.0,1009.0,50.0,5.09,166.0,100.0,Clouds,1.0,9.0,3.0,16.0,192234.0,4324.14,97036.0,0.22,5.27,0.02,569.0,1148799.0,13.7083,100.3728,193.19,162.77,24.32,29.13,123.02,2616.88,0.0,0.0,0.0,0,0,0,1,0,0,0,5.268837061225528,3.2315945972759756,3.40552135314221,4.820442842921731,7.870120108902896,149.141857518454
15T,2025-04-08 10:00:00,304.9833333333333,1009.3333333333334,55.0,5.196666666666666,165.0,96.66666666666669,Clouds,1.0,10.0,3.0,16.0,192234.0,4324.14,97036.0,0.22,5.27,0.02,569.0,1148799.0,13.7083,100.3728,166.71,133.04,20.98,32.56,80.82,2510.07,0.0,0.0,0.0,0,0,0,1,0,0,0,5.1222362973435365,3.090132948975475,3.5133348815990053,4.404521712501253,7.828464236108725,113.91127974276623
15T,2025-04-08 11:00:00,303.96666666666664,1009.6666666666666,60.0,5.303333333333334,164.0,93.33333333333331,Clouds,1.0,11.0,3.0,16.0,192234.0,4324.14,97036.0,0.22,5.27,0.02,569.0,1148799.0,13.7083,100.3728,174.8,129.49,19.31,42.5,43.99,2696.99,0.0,0.0,0.0,0,0,0,1,0,0,0,5.169346985251076,3.011113375592293,3.7727609380946383,3.806440242853081,7.900262330311611,111.3144066854009
3T,2025-04-07 18:00:00,302.5,1011.0,68.0,3.66,189.0,81.0,Clouds,0.0,18.0,4.0,23.0,64468.0,9046.87,58039.0,0.81,10.77,0.1,112.0,123059.0,,,,,,,,,0.0,0.0,0.0,0,0,0,1,0,0,0,,,,,,20.138754342394872
3T,2025-04-07 19:00:00,302.3666666666667,1011.0,69.66666666666667,3.2266666666666666,194.0,81.33333333333333,Clouds,0.0,19.0,3.333333333333333,23.0,64468.0,9046.87,58039.0,0.81,10.77,0.1,112.0,123059.0,,,,,,,,,0.0,0.0,0.0,0,0,0,1,0,0,0,,,,,,20.148005573921967
3T,2025-04-07 20:00:00,302.2333333333333,1011.0,71.33333333333333,2.793333333333333,199.0,81.66666666666667,Clouds,0.0,20.0,2.666666666666667,23.0,64468.0,9046.87,58039.0,0.81,10.77,0.1,112.0,123059.0,13.7563,100.5018,125.12,78.54,15.14,47.98,2.62,1708.98,0.0,0.0,0.0,0,0,0,1,0,0,0,4.83723383467686,2.7813006628418027,3.891412051524022,1.2864740258376797,7.444236953521875,71.76363728750985
3T,2025-04-07 21:00:00,302.1,1011.0,73.0,2.36,204.0,82.0,Clouds,0.0,21.0,2.0,23.0,64468.0,9046.87,58039.0,0.81,10.77,0.1,112.0,123059.0,13.7563,100.5018,126.32,81.13,15.14,45.93,1.83,1682.28,0.0,0.0,0.0,0,0,0,1,0,0,0,4.846703602413892,2.7813006628418027,3.8486571298063263,1.0402767116551463,7.428499549931057,71.22265900625858
3T,2025-04-07 22:00:00,301.99,1011.6666666666666,73.0,2.64,197.33333333333331,85.0,Clouds,0.3333333333333333,14.0,1.6666666666666667,23.0,64468.0,9046.87,58039.0,0.81,10.77,0.1,112.0,123059.0,13.7563,100.5018,133.86,87.28,16.45,45.24,0.53,1762.39,0.0,0.0,0.0,0,0,0,1,0,0,0,4.904237203306436,2.859339648648436,3.833845224364122,0.4252677354043441,7.474993371773742,88.77914447696699
3T,2025-04-07 23:00:00,301.88,1012.3333333333334,73.0,2.92,190.66666666666663,88.0,Clouds,0.6666666666666666,7.0,1.3333333333333337,23.0,64468.0,9046.87,58039.0,0.81,10.77,0.1,112.0,123059.0,13.7563,100.5018,143.88,94.97,19.55,45.93,0.05,1922.61,0.0,0.0,0.0,0,0,0,1,0,0,0,4.9759058135751575,3.022860940942244,3.8486571298063263,0.048790164169432,7.5619589079759795,96.93804842331586
3T,2025-04-08 00:00:00,301.77,1013.0,73.0,3.2,184.0,91.0,Clouds,1.0,0.0,1.0,23.0,64468.0,9046.87,58039.0,0.81,10.77,0.1,112.0,123059.0,13.7563,100.5018,164.53,110.96,26.7,48.67,0.13,2403.26,0.0,0.0,0.0,0,0,0,1,0,0,0,5.109152447272074,3.3214324131932926,3.905401129119259,0.12221763272424921,7.784997442885179,124.21126950543696
3T,2025-04-08 01:00:00,302.12,1013.3333333333334,66.0,3.2666666666666666,183.33333333333331,94.0,Clouds,1.0,1.0,1.0,23.0,64468.0,9046.87,58039.0,0.81,10.77,0.1,112.0,123059.0,13.7563,100.5018,225.52,155.66,52.93,63.06,0.2,4272.46,0.0,0.0,0.0,0,0,0,1,0,0,0,5.422833241245605,3.9876869093491356,4.159820144181012,0.18232155679395465,8.360179082552907,138.14655670143958
3T,2025-04-08 02:00:00,302.47,1013.6666666666666,59.0,3.333333333333333,182.66666666666663,97.0,Clouds,1.0,2.0,1.0,23.0,64468.0,9046.87,58039.0,0.81,10.77,0.1,112.0,123059.0,13.7563,100.5018,321.02,222.28,83.92,87.05,0.53,7156.37,0.0,0.0,0.0,0,0,0,1,0,0,0,5.774613655416792,4.441709636835055,4.4779048349422155,0.4252677354043441,8.875897874040996,211.6911251773512
3T,2025-04-08 03:00:00,302.82,1014.0,52.0,3.4,182.0,100.0,Clouds,1.0,3.0,1.0,23.0,64468.0,9046.87,58039.0,0.81,10.77,0.1,112.0,123059.0,13.7563,100.5018,429.32,298.92,113.49,163.14,2.15,9826.66,0.0,0.0,0.0,0,0,0,1,0,0,0,6.064529117964987,4.740487482935721,5.100719722201566,1.1474024528375417,9.192956138008054,324.03161381622635
3T,2025-04-08 04:00:00,304.2933333333333,1013.0,49.333333333333336,4.02,180.0,100.0,Clouds,1.0,4.0,1.6666666666666663,23.0,64468.0,9046.87,58039.0,0.81,10.77,0.1,112.0,123059.0,13.7563,100.5018,336.37,244.97,96.32,165.88,92.98,4753.11,0.0,0.0,0.0,0,0,0,1,0,0,0,5.821180250924531,4.578004517915322,5.117274991252462,4.54308199367467,8.46676478606221,251.73027742720262
3T,2025-04-08 05:00:00,305.76666666666665,1012.0,46.66666666666666,4.64,178.0,100.0,Clouds,1.0,5.0,2.333333333333333,23.0,64468.0,9046.87,58039.0,0.81,10.77,0.1,112.0,123059.0,13.7563,100.5018,332.61,265.34,71.53,95.96,197.41,3791.81,0.0,0.0,0.0,0,0,0,1,0,0,0,5.809972646054504,4.284000269375321,4.574298522321004,5.290335596806379,8.240862448158994,250.92412443737973
3T,2025-04-08 06:00:00,307.24,1011.0,44.0,5.26,176.0,100.0,Clouds,1.0,6.0,3.0,23.0,64468.0,9046.87,58039.0,0.81,10.77,0.1,112.0,123059.0,13.7563,100.5018,314.56,260.78,64.85,79.51,203.13,3631.59,0.0,0.0,0.0,0,0,0,0,1,0,0,5.754348838226889,4.18737942818929,4.388381400311889,5.3187570457854925,8.197701171462356,243.47381776879425
3T,2025-04-08 07:00:00,306.95,1010.3333333333334,45.333333333333336,5.053333333333333,177.0,100.0,Clouds,1.0,7.0,3.0,23.0,64468.0,9046.87,58039.0,0.81,10.77,0.1,112.0,123059.0,13.7563,100.5018,242.74,204.83,54.36,71.97,144.48,3177.64,0.0,0.0,0.0,0,0,0,0,1,0,0,5.496102083395356,4.0138573113094145,4.290048397777529,4.980038620118788,8.064208711340086,166.71012566238528
3T,2025-04-08 08:00:00,306.66,1009.6666666666666,46.66666666666666,4.846666666666667,178.0,100.0,Clouds,1.0,8.0,3.0,23.0,64468.0,9046.87,58039.0,0.81,10.77,0.1,112.0,123059.0,13.7563,100.5018,184.61,154.86,51.02,73.34,92.98,2777.1,0.0,0.0,0.0,0,0,0,0,1,0,0,5.223647698211007,3.9516282600205055,4.308649164869106,4.54308199367467,7.929522519786639,128.23052692719492
3T,2025-04-08 09:00:00,306.37,1009.0,48.0,4.64,179.0,100.0,Clouds,1.0,9.0,3.0,23.0,64468.0,9046.87,58039.0,0.81,10.77,0.1,112.0,123059.0,13.7563,100.5018,140.32,115.24,49.59,76.77,58.65,2483.37,0.0,0.0,0.0,0,0,0,0,1,0,0,4.951026822490944,3.923753928303845,4.353755752706852,4.0884941485439255,7.817774385262055,82.3629152440545
3T,2025-04-08 10:00:00,305.44,1009.3333333333334,52.333333333333336,4.763333333333333,176.0,97.0,Clouds,1.0,10.0,3.0,23.0,64468.0,9046.87,58039.0,0.81,10.77,0.1,112.0,123059.0,13.7563,100.5018,154.83,122.54,65.8,119.27,16.09,3204.35,0.0,0.0,0.0,0,0,0,0,1,0,0,5.048765669457524,4.2017030805426,4.789739215322525,2.8384934971274993,8.072576567760581,97.61923339090613
3T,2025-04-08 11:00:00,304.51,1009.6666666666666,56.66666666666666,4.886666666666667,173.0,94.0,Clouds,1.0,11.0,3.0,23.0,64468.0,9046.87,58039.0,0.81,10.77,0.1,112.0,123059.0,13.7563,100.5018,206.37,161.06,83.92,154.91,1.06,4592.9,0.0,0.0,0.0,0,0,0,0,1,0,0,5.334504637309749,4.441709636835055,5.0492789176884605,0.7227059828014898,8.43248461548927,141.3760333523641
5T,2025-04-07 18:00:00,302.59,1011.0,68.0,3.67,189.0,80.0,Clouds,0.0,18.0,4.0,10.0,40077.0,4788.74,32138.0,0.38,22.97,0.11,188.0,54185.0,13.7367,100.5231,158.51,93.29,19.31,63.06,0.16,2216.34,0.0,0.0,0.0,0,0,0,0,1,0,0,5.072106616184357,3.011113375592293,4.159820144181012,0.1484200051182733,7.704063558254741,110.57561437543737
5T,2025-04-07 19:00:00,302.44,1011.0,69.33333333333333,3.236666666666667,193.66666666666663,81.0,Clouds,0.0,19.0,3.333333333333333,10.0,40077.0,4788.74,32138.0,0.38,22.97,0.11,188.0,54185.0,13.7367,100.5231,135.16,82.05,16.93,54.84,1.57,1869.2,0.0,0.0,0.0,0,0,0,0,1,0,0,4.913830664825064,2.8864752876170416,4.022490458454117,0.9439058989071284,7.533800656001347,90.57267109259426
5T,2025-04-07 20:00:00,302.29,1011.0,70.66666666666667,2.803333333333333,198.33333333333331,82.0,Clouds,0.0,20.0,2.666666666666667,10.0,40077.0,4788.74,32138.0,0.38,22.97,0.11,188.0,54185.0,13.7367,100.5231,125.12,78.54,15.14,47.98,2.62,1708.98,0.0,0.0,0.0,0,0,0,0,1,0,0,4.83723383467686,2.7813006628418027,3.891412051524022,1.2864740258376797,7.444236953521875,71.76363728750985
5T,2025-04-07 21:00:00,302.14,1011.0,72.0,2.37,203.0,83.0,Clouds,0.0,21.0,2.0,10.0,40077.0,4788.74,32138.0,0.38,22.97,0.11,188.0,54185.0,13.7367,100.5231,126.32,81.13,15.14,45.93,1.83,1682.28,0.0,0.0,0.0,0,0,0,0,1,0,0,4.846703602413892,2.7813006628418027,3.8486571298063263,1.0402767116551463,7.428499549931057,71.22265900625858
5T,2025-04-07 22:00:00,302.02,1011.6666666666666,72.33333333333333,2.6566666666666667,197.0,85.66666666666667,Clouds,0.3333333333333333,14.0,1.6666666666666667,10.0,40077.0,4788.74,32138.0,0.38,22.97,0.11,188.0,54185.0,13.7367,100.5231,133.86,87.28,16.45,45.24,0.53,1762.39,0.0,0.0,0.0,0,0,0,0,1,0,0,4.904237203306436,2.859339648648436,3.833845224364122,0.4252677354043441,7.474993371773742,88.77914447696699
5T,2025-04-07 23:00:00,301.9,1012.3333333333334,72.66666666666667,2.9433333333333334,191.0,88.33333333333333,Clouds,0.6666666666666666,7.0,1.3333333333333337,10.0,40077.0,4788.74,32138.0,0.38,22.97,0.11,188.0,54185.0,13.7367,100.5231,143.88,94.97,19.55,45.93,0.05,1922.61,0.0,0.0,0.0,0,0,0,0,1,0,0,4.9759058135751575,3.022860940942244,3.8486571298063263,0.048790164169432,7.5619589079759795,96.94984842331587
5T,2025-04-08 00:00:00,301.78,1013.0,73.0,3.23,185.0,91.0,Clouds,1.0,0.0,1.0,10.0,40077.0,4788.74,32138.0,0.38,22.97,0.11,188.0,54185.0,13.7367,100.5231,164.53,110.96,26.7,48.67,0.13,2403.26,0.0,0.0,0.0,0,0,0,0,1,0,0,5.109152447272074,3.3214324131932926,3.905401129119259,0.12221763272424921,7.784997442885179,124.28481950543697
5T,2025-04-08 01:00:00,302.13666666666666,1013.3333333333334,66.0,3.276666666666667,184.33333333333331,94.0,Clouds,1.0,1.0,1.0,10.0,40077.0,4788.74,32138.0,0.38,22.97,0.11,188.0,54185.0,13.7367,100.5231,225.52,155.66,52.93,63.06,0.2,4272.46,0.0,0.0,0.0,0,0,0,0,1,0,0,5.422833241245605,3.9876869093491356,4.159820144181012,0.18232155679395465,8.360179082552907,137.97787039191576
5T,2025-04-08 02:00:00,302.49333333333334,1013.6666666666666,59.0,3.3233333333333333,183.66666666666663,97.0,Clouds,1.0,2.0,1.0,10.0,40077.0,4788.74,32138.0,0.38,22.97,0.11,188.0,54185.0,13.7367,100.5231,321.02,222.28,83.92,87.05,0.53,7156.37,0.0,0.0,0.0,0,0,0,0,1,0,0,5.774613655416792,4.441709636835055,4.4779048349422155,0.4252677354043441,8.875897874040996,209.47592808421442
5T,2025-04-08 03:00:00,302.85,1014.0,52.0,3.37,183.0,100.0,Clouds,1.0,3.0,1.0,10.0,40077.0,4788.74,32138.0,0.38,22.97,0.11,188.0,54185.0,13.7367,100.5231,429.32,298.92,113.49,163.14,2.15,9826.66,0.0,0.0,0.0,0,0,0,0,1,0,0,6.064529117964987,4.740487482935721,5.100719722201566,1.1474024528375417,9.192956138008054,315.1252108481808
5T,2025-04-08 04:00:00,304.3233333333333,1013.0,49.66666666666666,3.966666666666667,181.0,100.0,Clouds,1.0,4.0,1.6666666666666663,10.0,40077.0,4788.74,32138.0,0.38,22.97,0.11,188.0,54185.0,13.7367,100.5231,336.37,244.97,96.32,165.88,92.98,4753.11,0.0,0.0,0.0,0,0,0,0,1,0,0,5.821180250924531,4.578004517915322,5.117274991252462,4.54308199367467,8.46676478606221,242.5998645666468
5T,2025-04-08 05:00:00,305.7966666666667,1012.0,47.333333333333336,4.5633333333333335,179.0,100.0,Clouds,1.0,5.0,2.333333333333333,10.0,40077.0,4788.74,32138.0,0.38,22.97,0.11,188.0,54185.0,13.7367,100.5231,332.61,265.34,71.53,95.96,197.41,3791.81,0.0,0.0,0.0,0,0,0,0,1,0,0,5.809972646054504,4.284000269375321,4.574298522321004,5.290335596806379,8.240862448158994,246.7867031011588
5T,2025-04-08 06:00:00,307.27,1011.0,45.0,5.16,177.0,100.0,Clouds,1.0,6.0,3.0,10.0,40077.0,4788.74,32138.0,0.38,22.97,0.11,188.0,54185.0,13.7367,100.5231,314.56,260.78,64.85,79.51,203.13,3631.59,0.0,0.0,0.0,0,0,0,0,1,0,0,5.754348838226889,4.18737942818929,4.388381400311889,5.3187570457854925,8.197701171462356,243.55569276879424
5T,2025-04-08 07:00:00,306.97666666666663,1010.3333333333334,46.0,4.976666666666667,178.33333333333334,100.0,Clouds,1.0,7.0,3.0,10.0,40077.0,4788.74,32138.0,0.38,22.97,0.11,188.0,54185.0,13.7367,100.5231,242.74,204.83,54.36,71.97,144.48,3177.64,0.0,0.0,0.0,0,0,0,0,1,0,0,5.496102083395356,4.0138573113094145,4.290048397777529,4.980038620118788,8.064208711340086,166.69841566238532
5T,2025-04-08 08:00:00,306.68333333333334,1009.6666666666666,47.0,4.793333333333334,179.66666666666666,100.0,Clouds,1.0,8.0,3.0,10.0,40077.0,4788.74,32138.0,0.38,22.97,0.11,188.0,54185.0,13.7367,100.5231,184.61,154.86,51.02,73.34,92.98,2777.1,0.0,0.0,0.0,0,0,0,0,1,0,0,5.223647698211007,3.9516282600205055,4.308649164869106,4.54308199367467,7.929522519786639,128.22477692719494
5T,2025-04-08 09:00:00,306.39,1009.0,48.0,4.61,181.0,100.0,Clouds,1.0,9.0,3.0,10.0,40077.0,4788.74,32138.0,0.38,22.97,0.11,188.0,54185.0,13.7367,100.5231,140.32,115.24,49.59,76.77,58.65,2483.37,0.0,0.0,0.0,0,0,0,0,0,1,0,4.951026822490944,3.923753928303845,4.353755752706852,4.0884941485439255,7.817774385262055,82.3629152440545
5T,2025-04-08 10:00:00,305.47666666666663,1009.3333333333334,52.333333333333336,4.726666666666667,177.66666666666666,97.0,Clouds,1.0,10.0,3.0,10.0,40077.0,4788.74,32138.0,0.38,22.97,0.11,188.0,54185.0,13.7367,100.5231,154.83,122.54,65.8,119.27,16.09,3204.35,0.0,0.0,0.0,0,0,0,0,0,1,0,5.048765669457524,4.2017030805426,4.789739215322525,2.8384934971274993,8.072576567760581,97.61923339090613
5T,2025-04-08 11:00:00,304.56333333333333,1009.6666666666666,56.66666666666666,4.843333333333334,174.33333333333334,94.0,Clouds,1.0,11.0,3.0,10.0,40077.0,4788.74,32138.0,0.38,22.97,0.11,188.0,54185.0,13.7367,100.5231,206.37,161.06,83.92,154.91,1.06,4592.9,0.0,0.0,0.0,0,0,0,0,0,1,0,5.334504637309749,4.441709636835055,5.0492789176884605,0.7227059828014898,8.43248461548927,141.3408783523641
61T,2025-04-07 18:00:00,303.02,1011.0,70.0,3.71,192.0,63.0,Clouds,0.0,18.0,4.0,4.0,85345.0,4542.29,74932.0,0.4,5.08,0.02,302.0,631723.0,13.6796,100.6067,501.26,370.82,87.74,227.57,0.0,9292.6,0.0,0.0,0.0,0,0,0,0,0,1,0,6.21911791390002,4.4857107459507635,5.431842509153028,0.0,9.137081270199266,404.13923747018003
61T,2025-04-07 19:00:00,302.77666666666664,1011.0,71.0,3.38,195.0,71.33333333333333,Clouds,0.0,19.0,3.333333333333333,4.0,85345.0,4542.29,74932.0,0.4,5.08,0.02,302.0,631723.0,13.6796,100.6067,442.59,317.75,79.16,186.44,0.0,8010.86,0.0,0.0,0.0,0,0,0,0,0,1,0,6.094900712390739,4.384024637336554,5.2334587941995405,0.0,8.988678222843724,334.63545806628974
61T,2025-04-07 20:00:00,302.53333333333336,1011.0,72.0,3.0500000000000003,198.0,79.66666666666667,Clouds,0.0,20.0,2.666666666666667,4.0,85345.0,4542.29,74932.0,0.4,5.08,0.02,302.0,631723.0,13.6796,100.6067,371.89,258.24,71.53,148.06,0.0,6462.1,0.0,0.0,0.0,0,0,0,0,0,1,0,5.921283469984221,4.284000269375321,5.004348909453547,0.0,8.773864357833896,270.63032564726035
61T,2025-04-07 21:00:00,302.29,1011.0,73.0,2.72,201.0,88.0,Clouds,0.0,21.0,2.0,4.0,85345.0,4542.29,74932.0,0.4,5.08,0.02,302.0,631723.0,13.6796,100.6067,320.9,214.7,66.76,120.64,0.0,5287.17,0.0,0.0,0.0,0,0,0,0,0,1,0,5.774240938304763,4.215972050343799,4.801065862809164,0.0,8.57322752927499,209.22831882254454
61T,2025-04-07 22:00:00,302.17333333333335,1011.6666666666666,73.33333333333333,2.97,197.0,90.0,Clouds,0.3333333333333333,14.0,1.6666666666666667,4.0,85345.0,4542.29,74932.0,0.4,5.08,0.02,302.0,631723.0,13.6796,100.6067,294.13,190.72,63.9,101.45,0.0,4699.71,0.0,0.0,0.0,0,0,0,0,0,1,0,5.687415937235904,4.1728476237100445,4.629374874684909,0.0,8.455468840118947,201.78372034341453
61T,2025-04-07 23:00:00,302.0566666666667,1012.3333333333334,73.66666666666667,3.22,193.0,92.0,Clouds,0.6666666666666666,7.0,1.3333333333333337,4.0,85345.0,4542.29,74932.0,0.4,5.08,0.02,302.0,631723.0,13.6796,100.6067,302.43,194.37,67.71,93.22,0.0,4913.33,0.0,0.0,0.0,0,0,0,0,0,1,0,5.715150941393362,4.229894749042985,4.545632473271895,0.0,8.499910705893479,201.8158441070428
61T,2025-04-08 00:00:00,301.94,1013.0,74.0,3.47,189.0,94.0,Clouds,1.0,0.0,1.0,4.0,85345.0,4542.29,74932.0,0.4,5.08,0.02,302.0,631723.0,13.6796,100.6067,352.77,231.68,82.02,93.22,0.02,6515.5,0.0,0.0,0.0,0,0,0,0,0,1,0,5.868646984461759,4.419081542624893,4.545632473271895,0.019802627296179712,8.782092700970775,242.83292786918966
61T,2025-04-08 01:00:00,302.39,1013.3333333333334,68.0,3.613333333333333,186.33333333333331,96.0,Clouds,1.0,1.0,1.0,4.0,85345.0,4542.29,74932.0,0.4,5.08,0.02,302.0,631723.0,13.6796,100.6067,427.59,287.87,88.69,105.56,0.33,9399.41,0.0,0.0,0.0,0,0,0,0,0,1,0,6.060500750989405,4.496359280129911,4.668708206792079,0.2851789422336624,9.148508584328177,310.29002181708336
61T,2025-04-08 02:00:00,302.84000000000003,1013.6666666666666,62.0,3.756666666666667,183.66666666666663,98.0,Clouds,1.0,2.0,1.0,4.0,85345.0,4542.29,74932.0,0.4,5.08,0.02,302.0,631723.0,13.6796,100.6067,503.08,342.86,86.78,156.28,3.58,11001.59,0.0,0.0,0.0,0,0,0,0,0,1,0,6.2227349856338,4.474833684260088,5.058027656398856,1.5216989981260935,9.305885978610892,396.8147658346097
61T,2025-04-08 03:00:00,303.29,1014.0,56.0,3.9,181.0,100.0,Clouds,1.0,3.0,1.0,4.0,85345.0,4542.29,74932.0,0.4,5.08,0.02,302.0,631723.0,13.6796,100.6067,662.85,469.09,92.51,293.37,95.84,10894.78,0.0,0.0,0.0,0,0,0,0,0,1,0,6.498056220341911,4.5380683824473556,5.684837479488428,4.573060132069858,9.296130837289713,522.7224827597402
61T,2025-04-08 04:00:00,304.5866666666667,1013.3333333333334,54.0,4.3933333333333335,181.33333333333331,100.0,Clouds,1.0,4.0,1.6666666666666663,4.0,85345.0,4542.29,74932.0,0.4,5.08,0.02,302.0,631723.0,13.6796,100.6067,473.23,346.32,65.8,106.93,306.13,4806.52,0.0,0.0,0.0,0,0,0,0,0,1,0,6.161692436075576,4.2017030805426,4.681482868837255,5.7272711107251055,8.477936637620688,376.8941493122597
61T,2025-04-08 05:00:00,305.8833333333333,1012.6666666666666,52.0,4.886666666666667,181.66666666666663,100.0,Clouds,1.0,5.0,2.333333333333333,4.0,85345.0,4542.29,74932.0,0.4,5.08,0.02,302.0,631723.0,13.6796,100.6067,280.61,216.96,51.02,65.12,243.19,3017.43,0.0,0.0,0.0,0,0,0,0,0,1,0,5.64052313501701,3.9516282600205055,4.191471272952824,5.497946610797179,8.01249210764126,223.6122466050829
61T,2025-04-08 06:00:00,307.18,1012.0,50.0,5.38,182.0,100.0,Clouds,1.0,6.0,3.0,4.0,85345.0,4542.29,74932.0,0.4,5.08,0.02,302.0,631723.0,13.6796,100.6067,177.18,135.93,48.16,70.6,143.05,2456.67,0.0,0.0,0.0,0,0,0,0,0,1,0,5.182794275292498,3.895080284697834,4.2710950739666,4.970160461530537,7.806969025620635,130.60861376766115
61T,2025-04-08 07:00:00,306.69666666666666,1011.0,50.66666666666666,5.23,182.33333333333331,100.0,Clouds,1.0,7.0,3.0,4.0,85345.0,4542.29,74932.0,0.4,5.08,0.02,302.0,631723.0,13.6796,100.6067,146.37,108.44,57.7,97.33,52.21,2643.59,0.0,0.0,0.0,0,0,0,0,0,1,0,4.992946431225172,4.072439726834051,4.588329168792065,3.9742463486082777,7.880271322825397,86.81292827657302
61T,2025-04-08 08:00:00,306.21333333333337,1010.0,51.333333333333336,5.08,182.66666666666663,100.0,Clouds,1.0,8.0,3.0,4.0,85345.0,4542.29,74932.0,0.4,5.08,0.02,302.0,631723.0,13.6796,100.6067,167.93,122.11,75.34,130.24,6.08,3337.86,0.0,0.0,0.0,0,0,0,0,0,1,0,5.129484427934637,4.3351970473170836,4.877027708092901,1.9572739077056285,8.113384710343448,106.57839426462735
61T,2025-04-08 09:00:00,305.73,1009.0,52.0,4.93,183.0,100.0,Clouds,1.0,9.0,3.0,4.0,85345.0,4542.29,74932.0,0.4,5.08,0.02,302.0,631723.0,13.6796,100.6067,192.82,140.96,88.69,142.57,0.56,4005.43,0.0,0.0,0.0,0,0,0,0,0,1,0,5.266929893306404,4.496359280129911,4.966822721139603,0.44468582126144574,8.295655849456859,124.69884458874007
61T,2025-04-08 10:00:00,304.91,1009.3333333333334,56.0,4.986666666666666,179.66666666666666,96.33333333333331,Clouds,1.0,10.0,3.0,4.0,85345.0,4542.29,74932.0,0.4,5.08,0.02,302.0,631723.0,13.6796,100.6067,223.54,163.77,103.95,157.65,2.75,4913.33,0.0,0.0,0.0,0,0,0,0,0,1,0,5.414053865030634,4.653484046266642,5.066700518029204,1.3217558399823195,8.499910705893479,146.7611544536996
61T,2025-04-08 11:00:00,304.09,1009.6666666666666,60.0,5.043333333333333,176.33333333333334,92.66666666666669,Clouds,1.0,11.0,3.0,4.0,85345.0,4542.29,74932.0,0.4,5.08,0.02,302.0,631723.0,13.6796,100.6067,284.08,208.47,127.79,189.19,0.48,6195.07,0.0,0.0,0.0,0,0,0,0,0,1,0,5.65276984263367,4.858183170904579,5.24802357249357,0.3920420877760237,8.731670499084304,197.53820707397625
,,,,,,,,,,,,,,,,,,,,,,,,,,,,,,,,1,0,0,0,0,0,0,,,,,,14.935356258346046
,,,,,,,,,,,,,,,,,,,,,,,,,,,,,,,,1,0,0,0,0,0,0,,,,,,14.935356258346046
,,,,,,,,,,,,,,,,,,,,,,,,,,,,,,,,1,0,0,0,0,0,0,,,,,,14.935356258346046
,,,,,,,,,,,,,,,,,,,,,,,,,,,,,,,,1,0,0,0,0,0,0,,,,,,14.935356258346046
,,,,,,,,,,,,,,,,,,,,,,,,,,,,,,,,1,0,0,0,0,0,0,,,,,,14.935356258346046
,,,,,,,,,,,,,,,,,,,,,,,,,,,,,,,,1,0,0,0,0,0,0,,,,,,14.935356258346046
,,,,,,,,,,,,,,,,,,,,,,,,,,,,,,,,1,0,0,0,0,0,0,,,,,,14.935356258346046
,,,,,,,,,,,,,,,,,,,,,,,,,,,,,,,,1,0,0,0,0,0,0,,,,,,14.935356258346046
,,,,,,,,,,,,,,,,,,,,,,,,,,,,,,,,1,0,0,0,0,0,0,,,,,,14.935356258346046
,,,,,,,,,,,,,,,,,,,,,,,,,,,,,,,,1,0,0,0,0,0,0,,,,,,14.935356258346046
,,,,,,,,,,,,,,,,,,,,,,,,,,,,,,,,1,0,0,0,0,0,0,,,,,,14.935356258346046
,,,,,,,,,,,,,,,,,,,,,,,,,,,,,,,,1,0,0,0,0,0,0,,,,,,14.935356258346046
,,,,,,,,,,,,,,,,,,,,,,,,,,,,,,,,1,0,0,0,0,0,0,,,,,,14.935356258346046
,,,,,,,,,,,,,,,,,,,,,,,,,,,,,,,,1,0,0,0,0,0,0,,,,,,14.935356258346046
,,,,,,,,,,,,,,,,,,,,,,,,,,,,,,,,1,0,0,0,0,0,0,,,,,,14.935356258346046
,,,,,,,,,,,,,,,,,,,,,,,,,,,,,,,,1,0,0,0,0,0,0,,,,,,14.935356258346046
,,,,,,,,,,,,,,,,,,,,,,,,,,,,,,,,1,0,0,0,0,0,0,,,,,,14.935356258346046
,,,,,,,,,,,,,,,,,,,,,,,,,,,,,,,,1,0,0,0,0,0,0,,,,,,14.935356258346046
,,,,,,,,,,,,,,,,,,,,,,,,,,,,,,,,1,0,0,0,0,0,0,,,,,,14.935356258346046
,,,,,,,,,,,,,,,,,,,,,,,,,,,,,,,,1,0,0,0,0,0,0,,,,,,14.935356258346046
,,,,,,,,,,,,,,,,,,,,,,,,,,,,,,,,1,0,0,0,0,0,0,,,,,,14.935356258346046
,,,,,,,,,,,,,,,,,,,,,,,,,,,,,,,,1,0,0,0,0,0,0,,,,,,14.935356258346046
,,,,,,,,,,,,,,,,,,,,,,,,,,,,,,,,1,0,0,0,0,0,0,,,,,,14.935356258346046
,,,,,,,,,,,,,,,,,,,,,,,,,,,,,,,,1,0,0,0,0,0,0,,,,,,14.935356258346046
,,,,,,,,,,,,,,,,,,,,,,,,,,,,,,,,1,0,0,0,0,0,0,,,,,,14.935356258346046
,,,,,,,,,,,,,,,,,,,,,,,,,,,,,,,,1,0,0,0,0,0,0,,,,,,14.935356258346046
,,,,,,,,,,,,,,,,,,,,,,,,,,,,,,,,1,0,0,0,0,0,0,,,,,,14.935356258346046
,,,,,,,,,,,,,,,,,,,,,,,,,,,,,,,,1,0,0,0,0,0,0,,,,,,14.935356258346046
,,,,,,,,,,,,,,,,,,,,,,,,,,,,,,,,1,0,0,0,0,0,0,,,,,,14.935356258346046
,,,,,,,,,,,,,,,,,,,,,,,,,,,,,,,,1,0,0,0,0,0,0,,,,,,14.935356258346046
,,,,,,,,,,,,,,,,,,,,,,,,,,,,,,,,1,0,0,0,0,0,0,,,,,,14.935356258346046
,,,,,,,,,,,,,,,,,,,,,,,,,,,,,,,,1,0,0,0,0,0,0,,,,,,14.935356258346046
,,,,,,,,,,,,,,,,,,,,,,,,,,,,,,,,1,0,0,0,0,0,0,,,,,,14.935356258346046
,,,,,,,,,,,,,,,,,,,,,,,,,,,,,,,,1,0,0,0,0,0,0,,,,,,14.935356258346046
,,,,,,,,,,,,,,,,,,,,,,,,,,,,,,,,1,0,0,0,0,0,0,,,,,,14.935356258346046
,,,,,,,,,,,,,,,,,,,,,,,,,,,,,,,,1,0,0,0,0,0,0,,,,,,14.935356258346046
,,,,,,,,,,,,,,,,,,,,,,,,,,,,,,,,1,0,0,0,0,0,0,,,,,,14.935356258346046
,,,,,,,,,,,,,,,,,,,,,,,,,,,,,,,,1,0,0,0,0,0,0,,,,,,14.935356258346046
,,,,,,,,,,,,,,,,,,,,,,,,,,,,,,,,1,0,0,0,0,0,0,,,,,,14.935356258346046
,,,,,,,,,,,,,,,,,,,,,,,,,,,,,,,,1,0,0,0,0,0,0,,,,,,14.935356258346046
,,,,,,,,,,,,,,,,,,,,,,,,,,,,,,,,1,0,0,0,0,0,0,,,,,,14.935356258346046
,,,,,,,,,,,,,,,,,,,,,,,,,,,,,,,,1,0,0,0,0,0,0,,,,,,14.935356258346046
,,,,,,,,,,,,,,,,,,,,,,,,,,,,,,,,1,0,0,0,0,0,0,,,,,,14.935356258346046
,,,,,,,,,,,,,,,,,,,,,,,,,,,,,,,,1,0,0,0,0,0,0,,,,,,14.935356258346046
,,,,,,,,,,,,,,,,,,,,,,,,,,,,,,,,1,0,0,0,0,0,0,,,,,,14.935356258346046
,,,,,,,,,,,,,,,,,,,,,,,,,,,,,,,,1,0,0,0,0,0,0,,,,,,14.935356258346046
,,,,,,,,,,,,,,,,,,,,,,,,,,,,,,,,1,0,0,0,0,0,0,,,,,,14.935356258346046
,,,,,,,,,,,,,,,,,,,,,,,,,,,,,,,,1,0,0,0,0,0,0,,,,,,14.935356258346046
,,,,,,,,,,,,,,,,,,,,,,,,,,,,,,,,1,0,0,0,0,0,0,,,,,,14.935356258346046
,,,,,,,,,,,,,,,,,,,,,,,,,,,,,,,,1,0,0,0,0,0,0,,,,,,14.935356258346046
,,,,,,,,,,,,,,,,,,,,,,,,,,,,,,,,1,0,0,0,0,0,0,,,,,,14.935356258346046
,,,,,,,,,,,,,,,,,,,,,,,,,,,,,,,,1,0,0,0,0,0,0,,,,,,14.935356258346046
,,,,,,,,,,,,,,,,,,,,,,,,,,,,,,,,1,0,0,0,0,0,0,,,,,,14.935356258346046
,,,,,,,,,,,,,,,,,,,,,,,,,,,,,,,,1,0,0,0,0,0,0,,,,,,14.935356258346046
,,,,,,,,,,,,,,,,,,,,,,,,,,,,,,,,1,0,0,0,0,0,0,,,,,,14.935356258346046
,,,,,,,,,,,,,,,,,,,,,,,,,,,,,,,,1,0,0,0,0,0,0,,,,,,14.935356258346046
,,,,,,,,,,,,,,,,,,,,,,,,,,,,,,,,1,0,0,0,0,0,0,,,,,,14.935356258346046
,,,,,,,,,,,,,,,,,,,,,,,,,,,,,,,,1,0,0,0,0,0,0,,,,,,14.935356258346046
,,,,,,,,,,,,,,,,,,,,,,,,,,,,,,,,1,0,0,0,0,0,0,,,,,,14.935356258346046
,,,,,,,,,,,,,,,,,,,,,,,,,,,,,,,,1,0,0,0,0,0,0,,,,,,14.935356258346046
,,,,,,,,,,,,,,,,,,,,,,,,,,,,,,,,1,0,0,0,0,0,0,,,,,,14.935356258346046
,,,,,,,,,,,,,,,,,,,,,,,,,,,,,,,,1,0,0,0,0,0,0,,,,,,14.935356258346046
,,,,,,,,,,,,,,,,,,,,,,,,,,,,,,,,1,0,0,0,0,0,0,,,,,,14.935356258346046
,,,,,,,,,,,,,,,,,,,,,,,,,,,,,,,,1,0,0,0,0,0,0,,,,,,14.935356258346046
,,,,,,,,,,,,,,,,,,,,,,,,,,,,,,,,1,0,0,0,0,0,0,,,,,,14.935356258346046
,,,,,,,,,,,,,,,,,,,,,,,,,,,,,,,,1,0,0,0,0,0,0,,,,,,14.935356258346046
,,,,,,,,,,,,,,,,,,,,,,,,,,,,,,,,1,0,0,0,0,0,0,,,,,,14.935356258346046
,,,,,,,,,,,,,,,,,,,,,,,,,,,,,,,,1,0,0,0,0,0,0,,,,,,14.935356258346046
,,,,,,,,,,,,,,,,,,,,,,,,,,,,,,,,1,0,0,0,0,0,0,,,,,,14.935356258346046
,,,,,,,,,,,,,,,,,,,,,,,,,,,,,,,,1,0,0,0,0,0,0,,,,,,14.935356258346046
,,,,,,,,,,,,,,,,,,,,,,,,,,,,,,,,1,0,0,0,0,0,0,,,,,,14.935356258346046
,,,,,,,,,,,,,,,,,,,,,,,,,,,,,,,,1,0,0,0,0,0,0,,,,,,14.935356258346046
,,,,,,,,,,,,,,,,,,,,,,,,,,,,,,,,1,0,0,0,0,0,0,,,,,,14.935356258346046
,,,,,,,,,,,,,,,,,,,,,,,,,,,,,,,,1,0,0,0,0,0,0,,,,,,14.935356258346046
,,,,,,,,,,,,,,,,,,,,,,,,,,,,,,,,1,0,0,0,0,0,0,,,,,,14.935356258346046
,,,,,,,,,,,,,,,,,,,,,,,,,,,,,,,,1,0,0,0,0,0,0,,,,,,14.935356258346046
,,,,,,,,,,,,,,,,,,,,,,,,,,,,,,,,1,0,0,0,0,0,0,,,,,,14.935356258346046
,,,,,,,,,,,,,,,,,,,,,,,,,,,,,,,,1,0,0,0,0,0,0,,,,,,14.935356258346046
,,,,,,,,,,,,,,,,,,,,,,,,,,,,,,,,1,0,0,0,0,0,0,,,,,,14.935356258346046
,,,,,,,,,,,,,,,,,,,,,,,,,,,,,,,,1,0,0,0,0,0,0,,,,,,14.935356258346046
,,,,,,,,,,,,,,,,,,,,,,,,,,,,,,,,1,0,0,0,0,0,0,,,,,,14.935356258346046
,,,,,,,,,,,,,,,,,,,,,,,,,,,,,,,,1,0,0,0,0,0,0,,,,,,14.935356258346046
,,,,,,,,,,,,,,,,,,,,,,,,,,,,,,,,1,0,0,0,0,0,0,,,,,,14.935356258346046
,,,,,,,,,,,,,,,,,,,,,,,,,,,,,,,,1,0,0,0,0,0,0,,,,,,14.935356258346046
,,,,,,,,,,,,,,,,,,,,,,,,,,,,,,,,1,0,0,0,0,0,0,,,,,,14.935356258346046
,,,,,,,,,,,,,,,,,,,,,,,,,,,,,,,,1,0,0,0,0,0,0,,,,,,14.935356258346046
,,,,,,,,,,,,,,,,,,,,,,,,,,,,,,,,1,0,0,0,0,0,0,,,,,,14.935356258346046
,,,,,,,,,,,,,,,,,,,,,,,,,,,,,,,,1,0,0,0,0,0,0,,,,,,14.935356258346046
,,,,,,,,,,,,,,,,,,,,,,,,,,,,,,,,1,0,0,0,0,0,0,,,,,,14.935356258346046
,,,,,,,,,,,,,,,,,,,,,,,,,,,,,,,,1,0,0,0,0,0,0,,,,,,14.935356258346046
,,,,,,,,,,,,,,,,,,,,,,,,,,,,,,,,1,0,0,0,0,0,0,,,,,,14.935356258346046
,,,,,,,,,,,,,,,,,,,,,,,,,,,,,,,,1,0,0,0,0,0,0,,,,,,14.935356258346046
,,,,,,,,,,,,,,,,,,,,,,,,,,,,,,,,1,0,0,0,0,0,0,,,,,,14.935356258346046
,,,,,,,,,,,,,,,,,,,,,,,,,,,,,,,,1,0,0,0,0,0,0,,,,,,14.935356258346046
,,,,,,,,,,,,,,,,,,,,,,,,,,,,,,,,1,0,0,0,0,0,0,,,,,,14.935356258346046
,,,,,,,,,,,,,,,,,,,,,,,,,,,,,,,,1,0,0,0,0,0,0,,,,,,14.935356258346046
,,,,,,,,,,,,,,,,,,,,,,,,,,,,,,,,1,0,0,0,0,0,0,,,,,,14.935356258346046
,,,,,,,,,,,,,,,,,,,,,,,,,,,,,,,,0,1,0,0,0,0,0,,,,,,18.686366102022706
,,,,,,,,,,,,,,,,,,,,,,,,,,,,,,,,0,1,0,0,0,0,0,,,,,,18.686366102022706
,,,,,,,,,,,,,,,,,,,,,,,,,,,,,,,,0,1,0,0,0,0,0,,,,,,18.686366102022706
,,,,,,,,,,,,,,,,,,,,,,,,,,,,,,,,0,1,0,0,0,0,0,,,,,,18.686366102022706
,,,,,,,,,,,,,,,,,,,,,,,,,,,,,,,,0,1,0,0,0,0,0,,,,,,18.686366102022706
,,,,,,,,,,,,,,,,,,,,,,,,,,,,,,,,0,1,0,0,0,0,0,,,,,,18.686366102022706
,,,,,,,,,,,,,,,,,,,,,,,,,,,,,,,,0,1,0,0,0,0,0,,,,,,18.686366102022706
,,,,,,,,,,,,,,,,,,,,,,,,,,,,,,,,0,1,0,0,0,0,0,,,,,,18.686366102022706
,,,,,,,,,,,,,,,,,,,,,,,,,,,,,,,,0,1,0,0,0,0,0,,,,,,18.686366102022706
,,,,,,,,,,,,,,,,,,,,,,,,,,,,,,,,0,1,0,0,0,0,0,,,,,,18.686366102022706
,,,,,,,,,,,,,,,,,,,,,,,,,,,,,,,,0,1,0,0,0,0,0,,,,,,18.686366102022706
,,,,,,,,,,,,,,,,,,,,,,,,,,,,,,,,0,1,0,0,0,0,0,,,,,,18.686366102022706
,,,,,,,,,,,,,,,,,,,,,,,,,,,,,,,,0,1,0,0,0,0,0,,,,,,18.686366102022706
,,,,,,,,,,,,,,,,,,,,,,,,,,,,,,,,0,1,0,0,0,0,0,,,,,,18.686366102022706
,,,,,,,,,,,,,,,,,,,,,,,,,,,,,,,,0,1,0,0,0,0,0,,,,,,18.686366102022706
,,,,,,,,,,,,,,,,,,,,,,,,,,,,,,,,0,1,0,0,0,0,0,,,,,,18.686366102022706
,,,,,,,,,,,,,,,,,,,,,,,,,,,,,,,,0,1,0,0,0,0,0,,,,,,18.686366102022706
,,,,,,,,,,,,,,,,,,,,,,,,,,,,,,,,0,1,0,0,0,0,0,,,,,,18.686366102022706
,,,,,,,,,,,,,,,,,,,,,,,,,,,,,,,,0,1,0,0,0,0,0,,,,,,18.686366102022706
,,,,,,,,,,,,,,,,,,,,,,,,,,,,,,,,0,1,0,0,0,0,0,,,,,,18.686366102022706
,,,,,,,,,,,,,,,,,,,,,,,,,,,,,,,,0,1,0,0,0,0,0,,,,,,18.686366102022706
,,,,,,,,,,,,,,,,,,,,,,,,,,,,,,,,0,1,0,0,0,0,0,,,,,,18.686366102022706
,,,,,,,,,,,,,,,,,,,,,,,,,,,,,,,,0,1,0,0,0,0,0,,,,,,18.686366102022706
,,,,,,,,,,,,,,,,,,,,,,,,,,,,,,,,0,1,0,0,0,0,0,,,,,,18.686366102022706
,,,,,,,,,,,,,,,,,,,,,,,,,,,,,,,,0,1,0,0,0,0,0,,,,,,18.686366102022706
,,,,,,,,,,,,,,,,,,,,,,,,,,,,,,,,0,1,0,0,0,0,0,,,,,,18.686366102022706
,,,,,,,,,,,,,,,,,,,,,,,,,,,,,,,,0,1,0,0,0,0,0,,,,,,18.686366102022706
,,,,,,,,,,,,,,,,,,,,,,,,,,,,,,,,0,1,0,0,0,0,0,,,,,,18.686366102022706
,,,,,,,,,,,,,,,,,,,,,,,,,,,,,,,,0,1,0,0,0,0,0,,,,,,18.686366102022706
,,,,,,,,,,,,,,,,,,,,,,,,,,,,,,,,0,1,0,0,0,0,0,,,,,,18.686366102022706
,,,,,,,,,,,,,,,,,,,,,,,,,,,,,,,,0,1,0,0,0,0,0,,,,,,18.686366102022706
,,,,,,,,,,,,,,,,,,,,,,,,,,,,,,,,0,1,0,0,0,0,0,,,,,,18.686366102022706
,,,,,,,,,,,,,,,,,,,,,,,,,,,,,,,,0,1,0,0,0,0,0,,,,,,18.686366102022706
,,,,,,,,,,,,,,,,,,,,,,,,,,,,,,,,0,1,0,0,0,0,0,,,,,,18.686366102022706
,,,,,,,,,,,,,,,,,,,,,,,,,,,,,,,,0,1,0,0,0,0,0,,,,,,18.686366102022706
,,,,,,,,,,,,,,,,,,,,,,,,,,,,,,,,0,1,0,0,0,0,0,,,,,,18.686366102022706
,,,,,,,,,,,,,,,,,,,,,,,,,,,,,,,,0,1,0,0,0,0,0,,,,,,18.686366102022706
,,,,,,,,,,,,,,,,,,,,,,,,,,,,,,,,0,1,0,0,0,0,0,,,,,,18.686366102022706
,,,,,,,,,,,,,,,,,,,,,,,,,,,,,,,,0,1,0,0,0,0,0,,,,,,18.686366102022706
,,,,,,,,,,,,,,,,,,,,,,,,,,,,,,,,0,1,0,0,0,0,0,,,,,,18.686366102022706
,,,,,,,,,,,,,,,,,,,,,,,,,,,,,,,,0,1,0,0,0,0,0,,,,,,18.686366102022706
,,,,,,,,,,,,,,,,,,,,,,,,,,,,,,,,0,1,0,0,0,0,0,,,,,,18.686366102022706
,,,,,,,,,,,,,,,,,,,,,,,,,,,,,,,,0,1,0,0,0,0,0,,,,,,18.686366102022706
,,,,,,,,,,,,,,,,,,,,,,,,,,,,,,,,0,1,0,0,0,0,0,,,,,,18.686366102022706
,,,,,,,,,,,,,,,,,,,,,,,,,,,,,,,,0,1,0,0,0,0,0,,,,,,18.686366102022706
,,,,,,,,,,,,,,,,,,,,,,,,,,,,,,,,0,1,0,0,0,0,0,,,,,,18.686366102022706
,,,,,,,,,,,,,,,,,,,,,,,,,,,,,,,,0,1,0,0,0,0,0,,,,,,18.686366102022706
,,,,,,,,,,,,,,,,,,,,,,,,,,,,,,,,0,1,0,0,0,0,0,,,,,,18.686366102022706
,,,,,,,,,,,,,,,,,,,,,,,,,,,,,,,,0,1,0,0,0,0,0,,,,,,18.686366102022706
,,,,,,,,,,,,,,,,,,,,,,,,,,,,,,,,0,1,0,0,0,0,0,,,,,,18.686366102022706
,,,,,,,,,,,,,,,,,,,,,,,,,,,,,,,,0,1,0,0,0,0,0,,,,,,18.686366102022706
,,,,,,,,,,,,,,,,,,,,,,,,,,,,,,,,0,1,0,0,0,0,0,,,,,,18.686366102022706
,,,,,,,,,,,,,,,,,,,,,,,,,,,,,,,,0,1,0,0,0,0,0,,,,,,18.686366102022706
,,,,,,,,,,,,,,,,,,,,,,,,,,,,,,,,0,1,0,0,0,0,0,,,,,,18.686366102022706
,,,,,,,,,,,,,,,,,,,,,,,,,,,,,,,,0,1,0,0,0,0,0,,,,,,18.686366102022706
,,,,,,,,,,,,,,,,,,,,,,,,,,,,,,,,0,1,0,0,0,0,0,,,,,,18.686366102022706
,,,,,,,,,,,,,,,,,,,,,,,,,,,,,,,,0,1,0,0,0,0,0,,,,,,18.686366102022706
,,,,,,,,,,,,,,,,,,,,,,,,,,,,,,,,0,1,0,0,0,0,0,,,,,,18.686366102022706
,,,,,,,,,,,,,,,,,,,,,,,,,,,,,,,,0,1,0,0,0,0,0,,,,,,18.686366102022706
,,,,,,,,,,,,,,,,,,,,,,,,,,,,,,,,0,1,0,0,0,0,0,,,,,,18.686366102022706
,,,,,,,,,,,,,,,,,,,,,,,,,,,,,,,,0,1,0,0,0,0,0,,,,,,18.686366102022706
,,,,,,,,,,,,,,,,,,,,,,,,,,,,,,,,0,1,0,0,0,0,0,,,,,,18.686366102022706
,,,,,,,,,,,,,,,,,,,,,,,,,,,,,,,,0,1,0,0,0,0,0,,,,,,18.686366102022706
,,,,,,,,,,,,,,,,,,,,,,,,,,,,,,,,0,1,0,0,0,0,0,,,,,,18.686366102022706
,,,,,,,,,,,,,,,,,,,,,,,,,,,,,,,,0,1,0,0,0,0,0,,,,,,18.686366102022706
,,,,,,,,,,,,,,,,,,,,,,,,,,,,,,,,0,1,0,0,0,0,0,,,,,,18.686366102022706
,,,,,,,,,,,,,,,,,,,,,,,,,,,,,,,,0,1,0,0,0,0,0,,,,,,18.686366102022706
,,,,,,,,,,,,,,,,,,,,,,,,,,,,,,,,0,1,0,0,0,0,0,,,,,,18.686366102022706
,,,,,,,,,,,,,,,,,,,,,,,,,,,,,,,,0,1,0,0,0,0,0,,,,,,18.686366102022706
,,,,,,,,,,,,,,,,,,,,,,,,,,,,,,,,0,1,0,0,0,0,0,,,,,,18.686366102022706
,,,,,,,,,,,,,,,,,,,,,,,,,,,,,,,,0,1,0,0,0,0,0,,,,,,18.686366102022706
,,,,,,,,,,,,,,,,,,,,,,,,,,,,,,,,0,1,0,0,0,0,0,,,,,,18.686366102022706
,,,,,,,,,,,,,,,,,,,,,,,,,,,,,,,,0,1,0,0,0,0,0,,,,,,18.686366102022706
,,,,,,,,,,,,,,,,,,,,,,,,,,,,,,,,0,1,0,0,0,0,0,,,,,,18.686366102022706
,,,,,,,,,,,,,,,,,,,,,,,,,,,,,,,,0,1,0,0,0,0,0,,,,,,18.686366102022706
,,,,,,,,,,,,,,,,,,,,,,,,,,,,,,,,0,1,0,0,0,0,0,,,,,,18.686366102022706
,,,,,,,,,,,,,,,,,,,,,,,,,,,,,,,,0,1,0,0,0,0,0,,,,,,18.686366102022706
,,,,,,,,,,,,,,,,,,,,,,,,,,,,,,,,0,1,0,0,0,0,0,,,,,,18.686366102022706
,,,,,,,,,,,,,,,,,,,,,,,,,,,,,,,,0,1,0,0,0,0,0,,,,,,18.686366102022706
,,,,,,,,,,,,,,,,,,,,,,,,,,,,,,,,0,1,0,0,0,0,0,,,,,,18.686366102022706
,,,,,,,,,,,,,,,,,,,,,,,,,,,,,,,,0,1,0,0,0,0,0,,,,,,18.686366102022706
,,,,,,,,,,,,,,,,,,,,,,,,,,,,,,,,0,1,0,0,0,0,0,,,,,,18.686366102022706
,,,,,,,,,,,,,,,,,,,,,,,,,,,,,,,,0,1,0,0,0,0,0,,,,,,18.686366102022706
,,,,,,,,,,,,,,,,,,,,,,,,,,,,,,,,0,1,0,0,0,0,0,,,,,,18.686366102022706
,,,,,,,,,,,,,,,,,,,,,,,,,,,,,,,,0,1,0,0,0,0,0,,,,,,18.686366102022706
,,,,,,,,,,,,,,,,,,,,,,,,,,,,,,,,0,1,0,0,0,0,0,,,,,,18.686366102022706
,,,,,,,,,,,,,,,,,,,,,,,,,,,,,,,,0,1,0,0,0,0,0,,,,,,18.686366102022706
,,,,,,,,,,,,,,,,,,,,,,,,,,,,,,,,0,1,0,0,0,0,0,,,,,,18.686366102022706
,,,,,,,,,,,,,,,,,,,,,,,,,,,,,,,,0,1,0,0,0,0,0,,,,,,18.686366102022706
,,,,,,,,,,,,,,,,,,,,,,,,,,,,,,,,0,1,0,0,0,0,0,,,,,,18.686366102022706
,,,,,,,,,,,,,,,,,,,,,,,,,,,,,,,,0,1,0,0,0,0,0,,,,,,18.686366102022706
,,,,,,,,,,,,,,,,,,,,,,,,,,,,,,,,0,1,0,0,0,0,0,,,,,,18.686366102022706
,,,,,,,,,,,,,,,,,,,,,,,,,,,,,,,,0,1,0,0,0,0,0,,,,,,18.686366102022706
,,,,,,,,,,,,,,,,,,,,,,,,,,,,,,,,0,1,0,0,0,0,0,,,,,,18.686366102022706
,,,,,,,,,,,,,,,,,,,,,,,,,,,,,,,,0,1,0,0,0,0,0,,,,,,18.686366102022706
,,,,,,,,,,,,,,,,,,,,,,,,,,,,,,,,0,1,0,0,0,0,0,,,,,,18.686366102022706
,,,,,,,,,,,,,,,,,,,,,,,,,,,,,,,,0,1,0,0,0,0,0,,,,,,18.686366102022706
,,,,,,,,,,,,,,,,,,,,,,,,,,,,,,,,0,0,1,0,0,0,0,,,,,,18.686366102022706
,,,,,,,,,,,,,,,,,,,,,,,,,,,,,,,,0,0,1,0,0,0,0,,,,,,18.686366102022706
,,,,,,,,,,,,,,,,,,,,,,,,,,,,,,,,0,0,1,0,0,0,0,,,,,,18.686366102022706
,,,,,,,,,,,,,,,,,,,,,,,,,,,,,,,,0,0,1,0,0,0,0,,,,,,18.686366102022706
,,,,,,,,,,,,,,,,,,,,,,,,,,,,,,,,0,0,1,0,0,0,0,,,,,,18.686366102022706
,,,,,,,,,,,,,,,,,,,,,,,,,,,,,,,,0,0,1,0,0,0,0,,,,,,18.686366102022706
,,,,,,,,,,,,,,,,,,,,,,,,,,,,,,,,0,0,1,0,0,0,0,,,,,,18.686366102022706
,,,,,,,,,,,,,,,,,,,,,,,,,,,,,,,,0,0,1,0,0,0,0,,,,,,18.686366102022706
,,,,,,,,,,,,,,,,,,,,,,,,,,,,,,,,0,0,1,0,0,0,0,,,,,,18.686366102022706
,,,,,,,,,,,,,,,,,,,,,,,,,,,,,,,,0,0,1,0,0,0,0,,,,,,18.686366102022706
,,,,,,,,,,,,,,,,,,,,,,,,,,,,,,,,0,0,1,0,0,0,0,,,,,,18.686366102022706
,,,,,,,,,,,,,,,,,,,,,,,,,,,,,,,,0,0,1,0,0,0,0,,,,,,18.686366102022706
,,,,,,,,,,,,,,,,,,,,,,,,,,,,,,,,0,0,1,0,0,0,0,,,,,,18.686366102022706
,,,,,,,,,,,,,,,,,,,,,,,,,,,,,,,,0,0,1,0,0,0,0,,,,,,18.686366102022706
,,,,,,,,,,,,,,,,,,,,,,,,,,,,,,,,0,0,1,0,0,0,0,,,,,,18.686366102022706
,,,,,,,,,,,,,,,,,,,,,,,,,,,,,,,,0,0,1,0,0,0,0,,,,,,18.686366102022706
,,,,,,,,,,,,,,,,,,,,,,,,,,,,,,,,0,0,1,0,0,0,0,,,,,,18.686366102022706
,,,,,,,,,,,,,,,,,,,,,,,,,,,,,,,,0,0,1,0,0,0,0,,,,,,18.686366102022706
,,,,,,,,,,,,,,,,,,,,,,,,,,,,,,,,0,0,1,0,0,0,0,,,,,,18.686366102022706
,,,,,,,,,,,,,,,,,,,,,,,,,,,,,,,,0,0,1,0,0,0,0,,,,,,18.686366102022706
,,,,,,,,,,,,,,,,,,,,,,,,,,,,,,,,0,0,1,0,0,0,0,,,,,,18.686366102022706
,,,,,,,,,,,,,,,,,,,,,,,,,,,,,,,,0,0,1,0,0,0,0,,,,,,18.686366102022706
,,,,,,,,,,,,,,,,,,,,,,,,,,,,,,,,0,0,1,0,0,0,0,,,,,,18.686366102022706
,,,,,,,,,,,,,,,,,,,,,,,,,,,,,,,,0,0,1,0,0,0,0,,,,,,18.686366102022706
,,,,,,,,,,,,,,,,,,,,,,,,,,,,,,,,0,0,1,0,0,0,0,,,,,,18.686366102022706
,,,,,,,,,,,,,,,,,,,,,,,,,,,,,,,,0,0,1,0,0,0,0,,,,,,18.686366102022706
,,,,,,,,,,,,,,,,,,,,,,,,,,,,,,,,0,0,1,0,0,0,0,,,,,,18.686366102022706
,,,,,,,,,,,,,,,,,,,,,,,,,,,,,,,,0,0,1,0,0,0,0,,,,,,18.686366102022706
,,,,,,,,,,,,,,,,,,,,,,,,,,,,,,,,0,0,1,0,0,0,0,,,,,,18.686366102022706
,,,,,,,,,,,,,,,,,,,,,,,,,,,,,,,,0,0,1,0,0,0,0,,,,,,18.686366102022706
,,,,,,,,,,,,,,,,,,,,,,,,,,,,,,,,0,0,1,0,0,0,0,,,,,,18.686366102022706
,,,,,,,,,,,,,,,,,,,,,,,,,,,,,,,,0,0,1,0,0,0,0,,,,,,18.686366102022706
,,,,,,,,,,,,,,,,,,,,,,,,,,,,,,,,0,0,1,0,0,0,0,,,,,,18.686366102022706
,,,,,,,,,,,,,,,,,,,,,,,,,,,,,,,,0,0,1,0,0,0,0,,,,,,18.686366102022706
,,,,,,,,,,,,,,,,,,,,,,,,,,,,,,,,0,0,1,0,0,0,0,,,,,,18.686366102022706
,,,,,,,,,,,,,,,,,,,,,,,,,,,,,,,,0,0,1,0,0,0,0,,,,,,18.686366102022706
,,,,,,,,,,,,,,,,,,,,,,,,,,,,,,,,0,0,1,0,0,0,0,,,,,,18.686366102022706
,,,,,,,,,,,,,,,,,,,,,,,,,,,,,,,,0,0,1,0,0,0,0,,,,,,18.686366102022706
,,,,,,,,,,,,,,,,,,,,,,,,,,,,,,,,0,0,1,0,0,0,0,,,,,,18.686366102022706
,,,,,,,,,,,,,,,,,,,,,,,,,,,,,,,,0,0,1,0,0,0,0,,,,,,18.686366102022706
,,,,,,,,,,,,,,,,,,,,,,,,,,,,,,,,0,0,1,0,0,0,0,,,,,,18.686366102022706
,,,,,,,,,,,,,,,,,,,,,,,,,,,,,,,,0,0,1,0,0,0,0,,,,,,18.686366102022706
,,,,,,,,,,,,,,,,,,,,,,,,,,,,,,,,0,0,1,0,0,0,0,,,,,,18.686366102022706
,,,,,,,,,,,,,,,,,,,,,,,,,,,,,,,,0,0,1,0,0,0,0,,,,,,18.686366102022706
,,,,,,,,,,,,,,,,,,,,,,,,,,,,,,,,0,0,1,0,0,0,0,,,,,,18.686366102022706
,,,,,,,,,,,,,,,,,,,,,,,,,,,,,,,,0,0,1,0,0,0,0,,,,,,18.686366102022706
,,,,,,,,,,,,,,,,,,,,,,,,,,,,,,,,0,0,1,0,0,0,0,,,,,,18.686366102022706
,,,,,,,,,,,,,,,,,,,,,,,,,,,,,,,,0,0,1,0,0,0,0,,,,,,18.686366102022706
,,,,,,,,,,,,,,,,,,,,,,,,,,,,,,,,0,0,1,0,0,0,0,,,,,,18.686366102022706
,,,,,,,,,,,,,,,,,,,,,,,,,,,,,,,,0,0,1,0,0,0,0,,,,,,18.686366102022706
,,,,,,,,,,,,,,,,,,,,,,,,,,,,,,,,0,0,1,0,0,0,0,,,,,,18.686366102022706
,,,,,,,,,,,,,,,,,,,,,,,,,,,,,,,,0,0,1,0,0,0,0,,,,,,18.686366102022706
,,,,,,,,,,,,,,,,,,,,,,,,,,,,,,,,0,0,1,0,0,0,0,,,,,,18.686366102022706
,,,,,,,,,,,,,,,,,,,,,,,,,,,,,,,,0,0,1,0,0,0,0,,,,,,18.686366102022706
,,,,,,,,,,,,,,,,,,,,,,,,,,,,,,,,0,0,1,0,0,0,0,,,,,,18.686366102022706
,,,,,,,,,,,,,,,,,,,,,,,,,,,,,,,,0,0,1,0,0,0,0,,,,,,18.686366102022706
,,,,,,,,,,,,,,,,,,,,,,,,,,,,,,,,0,0,1,0,0,0,0,,,,,,18.686366102022706
,,,,,,,,,,,,,,,,,,,,,,,,,,,,,,,,0,0,1,0,0,0,0,,,,,,18.686366102022706
,,,,,,,,,,,,,,,,,,,,,,,,,,,,,,,,0,0,1,0,0,0,0,,,,,,18.686366102022706
,,,,,,,,,,,,,,,,,,,,,,,,,,,,,,,,0,0,1,0,0,0,0,,,,,,18.686366102022706
,,,,,,,,,,,,,,,,,,,,,,,,,,,,,,,,0,0,1,0,0,0,0,,,,,,18.686366102022706
,,,,,,,,,,,,,,,,,,,,,,,,,,,,,,,,0,0,1,0,0,0,0,,,,,,18.686366102022706
,,,,,,,,,,,,,,,,,,,,,,,,,,,,,,,,0,0,1,0,0,0,0,,,,,,18.686366102022706
,,,,,,,,,,,,,,,,,,,,,,,,,,,,,,,,0,0,1,0,0,0,0,,,,,,18.686366102022706
,,,,,,,,,,,,,,,,,,,,,,,,,,,,,,,,0,0,1,0,0,0,0,,,,,,18.686366102022706
,,,,,,,,,,,,,,,,,,,,,,,,,,,,,,,,0,0,1,0,0,0,0,,,,,,18.686366102022706
,,,,,,,,,,,,,,,,,,,,,,,,,,,,,,,,0,0,1,0,0,0,0,,,,,,18.686366102022706
,,,,,,,,,,,,,,,,,,,,,,,,,,,,,,,,0,0,1,0,0,0,0,,,,,,18.686366102022706
,,,,,,,,,,,,,,,,,,,,,,,,,,,,,,,,0,0,1,0,0,0,0,,,,,,18.686366102022706
,,,,,,,,,,,,,,,,,,,,,,,,,,,,,,,,0,0,1,0,0,0,0,,,,,,18.686366102022706
,,,,,,,,,,,,,,,,,,,,,,,,,,,,,,,,0,0,1,0,0,0,0,,,,,,18.686366102022706
,,,,,,,,,,,,,,,,,,,,,,,,,,,,,,,,0,0,1,0,0,0,0,,,,,,18.686366102022706
,,,,,,,,,,,,,,,,,,,,,,,,,,,,,,,,0,0,1,0,0,0,0,,,,,,18.686366102022706
,,,,,,,,,,,,,,,,,,,,,,,,,,,,,,,,0,0,1,0,0,0,0,,,,,,18.686366102022706
,,,,,,,,,,,,,,,,,,,,,,,,,,,,,,,,0,0,1,0,0,0,0,,,,,,18.686366102022706
,,,,,,,,,,,,,,,,,,,,,,,,,,,,,,,,0,0,1,0,0,0,0,,,,,,18.686366102022706
,,,,,,,,,,,,,,,,,,,,,,,,,,,,,,,,0,0,1,0,0,0,0,,,,,,18.686366102022706
,,,,,,,,,,,,,,,,,,,,,,,,,,,,,,,,0,0,1,0,0,0,0,,,,,,18.686366102022706
,,,,,,,,,,,,,,,,,,,,,,,,,,,,,,,,0,0,1,0,0,0,0,,,,,,18.686366102022706
,,,,,,,,,,,,,,,,,,,,,,,,,,,,,,,,0,0,1,0,0,0,0,,,,,,18.686366102022706
,,,,,,,,,,,,,,,,,,,,,,,,,,,,,,,,0,0,1,0,0,0,0,,,,,,18.686366102022706
,,,,,,,,,,,,,,,,,,,,,,,,,,,,,,,,0,0,1,0,0,0,0,,,,,,18.686366102022706
,,,,,,,,,,,,,,,,,,,,,,,,,,,,,,,,0,0,1,0,0,0,0,,,,,,18.686366102022706
,,,,,,,,,,,,,,,,,,,,,,,,,,,,,,,,0,0,1,0,0,0,0,,,,,,18.686366102022706
,,,,,,,,,,,,,,,,,,,,,,,,,,,,,,,,0,0,1,0,0,0,0,,,,,,18.686366102022706
,,,,,,,,,,,,,,,,,,,,,,,,,,,,,,,,0,0,1,0,0,0,0,,,,,,18.686366102022706
,,,,,,,,,,,,,,,,,,,,,,,,,,,,,,,,0,0,1,0,0,0,0,,,,,,18.686366102022706
,,,,,,,,,,,,,,,,,,,,,,,,,,,,,,,,0,0,1,0,0,0,0,,,,,,18.686366102022706
,,,,,,,,,,,,,,,,,,,,,,,,,,,,,,,,0,0,1,0,0,0,0,,,,,,18.686366102022706
,,,,,,,,,,,,,,,,,,,,,,,,,,,,,,,,0,0,1,0,0,0,0,,,,,,18.686366102022706
,,,,,,,,,,,,,,,,,,,,,,,,,,,,,,,,0,0,1,0,0,0,0,,,,,,18.686366102022706
,,,,,,,,,,,,,,,,,,,,,,,,,,,,,,,,0,0,1,0,0,0,0,,,,,,18.686366102022706
,,,,,,,,,,,,,,,,,,,,,,,,,,,,,,,,0,0,1,0,0,0,0,,,,,,18.686366102022706
,,,,,,,,,,,,,,,,,,,,,,,,,,,,,,,,0,0,1,0,0,0,0,,,,,,18.686366102022706
,,,,,,,,,,,,,,,,,,,,,,,,,,,,,,,,0,0,1,0,0,0,0,,,,,,18.686366102022706
,,,,,,,,,,,,,,,,,,,,,,,,,,,,,,,,0,0,1,0,0,0,0,,,,,,18.686366102022706
,,,,,,,,,,,,,,,,,,,,,,,,,,,,,,,,0,0,1,0,0,0,0,,,,,,18.686366102022706
,,,,,,,,,,,,,,,,,,,,,,,,,,,,,,,,0,0,0,1,0,0,0,,,,,,18.686366102022706
,,,,,,,,,,,,,,,,,,,,,,,,,,,,,,,,0,0,0,1,0,0,0,,,,,,18.686366102022706
,,,,,,,,,,,,,,,,,,,,,,,,,,,,,,,,0,0,0,1,0,0,0,,,,,,18.686366102022706
,,,,,,,,,,,,,,,,,,,,,,,,,,,,,,,,0,0,0,1,0,0,0,,,,,,18.686366102022706
,,,,,,,,,,,,,,,,,,,,,,,,,,,,,,,,0,0,0,1,0,0,0,,,,,,18.686366102022706
,,,,,,,,,,,,,,,,,,,,,,,,,,,,,,,,0,0,0,1,0,0,0,,,,,,18.686366102022706
,,,,,,,,,,,,,,,,,,,,,,,,,,,,,,,,0,0,0,1,0,0,0,,,,,,18.686366102022706
,,,,,,,,,,,,,,,,,,,,,,,,,,,,,,,,0,0,0,1,0,0,0,,,,,,18.686366102022706
,,,,,,,,,,,,,,,,,,,,,,,,,,,,,,,,0,0,0,1,0,0,0,,,,,,18.686366102022706
,,,,,,,,,,,,,,,,,,,,,,,,,,,,,,,,0,0,0,1,0,0,0,,,,,,18.686366102022706
,,,,,,,,,,,,,,,,,,,,,,,,,,,,,,,,0,0,0,1,0,0,0,,,,,,18.686366102022706
,,,,,,,,,,,,,,,,,,,,,,,,,,,,,,,,0,0,0,1,0,0,0,,,,,,18.686366102022706
,,,,,,,,,,,,,,,,,,,,,,,,,,,,,,,,0,0,0,1,0,0,0,,,,,,18.686366102022706
,,,,,,,,,,,,,,,,,,,,,,,,,,,,,,,,0,0,0,1,0,0,0,,,,,,18.686366102022706
,,,,,,,,,,,,,,,,,,,,,,,,,,,,,,,,0,0,0,1,0,0,0,,,,,,18.686366102022706
,,,,,,,,,,,,,,,,,,,,,,,,,,,,,,,,0,0,0,1,0,0,0,,,,,,18.686366102022706
,,,,,,,,,,,,,,,,,,,,,,,,,,,,,,,,0,0,0,1,0,0,0,,,,,,18.686366102022706
,,,,,,,,,,,,,,,,,,,,,,,,,,,,,,,,0,0,0,1,0,0,0,,,,,,18.686366102022706
,,,,,,,,,,,,,,,,,,,,,,,,,,,,,,,,0,0,0,1,0,0,0,,,,,,18.686366102022706
,,,,,,,,,,,,,,,,,,,,,,,,,,,,,,,,0,0,0,1,0,0,0,,,,,,18.686366102022706
,,,,,,,,,,,,,,,,,,,,,,,,,,,,,,,,0,0,0,1,0,0,0,,,,,,18.686366102022706
,,,,,,,,,,,,,,,,,,,,,,,,,,,,,,,,0,0,0,1,0,0,0,,,,,,18.686366102022706
,,,,,,,,,,,,,,,,,,,,,,,,,,,,,,,,0,0,0,1,0,0,0,,,,,,18.686366102022706
,,,,,,,,,,,,,,,,,,,,,,,,,,,,,,,,0,0,0,1,0,0,0,,,,,,18.686366102022706
,,,,,,,,,,,,,,,,,,,,,,,,,,,,,,,,0,0,0,1,0,0,0,,,,,,18.686366102022706
,,,,,,,,,,,,,,,,,,,,,,,,,,,,,,,,0,0,0,1,0,0,0,,,,,,18.686366102022706
,,,,,,,,,,,,,,,,,,,,,,,,,,,,,,,,0,0,0,1,0,0,0,,,,,,18.686366102022706
,,,,,,,,,,,,,,,,,,,,,,,,,,,,,,,,0,0,0,1,0,0,0,,,,,,18.686366102022706
,,,,,,,,,,,,,,,,,,,,,,,,,,,,,,,,0,0,0,1,0,0,0,,,,,,18.686366102022706
,,,,,,,,,,,,,,,,,,,,,,,,,,,,,,,,0,0,0,1,0,0,0,,,,,,18.686366102022706
,,,,,,,,,,,,,,,,,,,,,,,,,,,,,,,,0,0,0,1,0,0,0,,,,,,18.686366102022706
,,,,,,,,,,,,,,,,,,,,,,,,,,,,,,,,0,0,0,1,0,0,0,,,,,,18.686366102022706
,,,,,,,,,,,,,,,,,,,,,,,,,,,,,,,,0,0,0,1,0,0,0,,,,,,18.686366102022706
,,,,,,,,,,,,,,,,,,,,,,,,,,,,,,,,0,0,0,1,0,0,0,,,,,,18.686366102022706
,,,,,,,,,,,,,,,,,,,,,,,,,,,,,,,,0,0,0,1,0,0,0,,,,,,18.686366102022706
,,,,,,,,,,,,,,,,,,,,,,,,,,,,,,,,0,0,0,1,0,0,0,,,,,,18.686366102022706
,,,,,,,,,,,,,,,,,,,,,,,,,,,,,,,,0,0,0,1,0,0,0,,,,,,18.686366102022706
,,,,,,,,,,,,,,,,,,,,,,,,,,,,,,,,0,0,0,1,0,0,0,,,,,,18.686366102022706
,,,,,,,,,,,,,,,,,,,,,,,,,,,,,,,,0,0,0,1,0,0,0,,,,,,18.686366102022706
,,,,,,,,,,,,,,,,,,,,,,,,,,,,,,,,0,0,0,1,0,0,0,,,,,,18.686366102022706
,,,,,,,,,,,,,,,,,,,,,,,,,,,,,,,,0,0,0,1,0,0,0,,,,,,18.686366102022706
,,,,,,,,,,,,,,,,,,,,,,,,,,,,,,,,0,0,0,1,0,0,0,,,,,,18.686366102022706
,,,,,,,,,,,,,,,,,,,,,,,,,,,,,,,,0,0,0,1,0,0,0,,,,,,18.686366102022706
,,,,,,,,,,,,,,,,,,,,,,,,,,,,,,,,0,0,0,1,0,0,0,,,,,,18.686366102022706
,,,,,,,,,,,,,,,,,,,,,,,,,,,,,,,,0,0,0,1,0,0,0,,,,,,18.686366102022706
,,,,,,,,,,,,,,,,,,,,,,,,,,,,,,,,0,0,0,1,0,0,0,,,,,,18.686366102022706
,,,,,,,,,,,,,,,,,,,,,,,,,,,,,,,,0,0,0,1,0,0,0,,,,,,18.686366102022706
,,,,,,,,,,,,,,,,,,,,,,,,,,,,,,,,0,0,0,1,0,0,0,,,,,,18.686366102022706
,,,,,,,,,,,,,,,,,,,,,,,,,,,,,,,,0,0,0,1,0,0,0,,,,,,18.686366102022706
,,,,,,,,,,,,,,,,,,,,,,,,,,,,,,,,0,0,0,1,0,0,0,,,,,,18.686366102022706
,,,,,,,,,,,,,,,,,,,,,,,,,,,,,,,,0,0,0,1,0,0,0,,,,,,18.686366102022706
,,,,,,,,,,,,,,,,,,,,,,,,,,,,,,,,0,0,0,1,0,0,0,,,,,,18.686366102022706
,,,,,,,,,,,,,,,,,,,,,,,,,,,,,,,,0,0,0,1,0,0,0,,,,,,18.686366102022706
,,,,,,,,,,,,,,,,,,,,,,,,,,,,,,,,0,0,0,1,0,0,0,,,,,,18.686366102022706
,,,,,,,,,,,,,,,,,,,,,,,,,,,,,,,,0,0,0,1,0,0,0,,,,,,18.686366102022706
,,,,,,,,,,,,,,,,,,,,,,,,,,,,,,,,0,0,0,1,0,0,0,,,,,,18.686366102022706
,,,,,,,,,,,,,,,,,,,,,,,,,,,,,,,,0,0,0,1,0,0,0,,,,,,18.686366102022706
,,,,,,,,,,,,,,,,,,,,,,,,,,,,,,,,0,0,0,1,0,0,0,,,,,,18.686366102022706
,,,,,,,,,,,,,,,,,,,,,,,,,,,,,,,,0,0,0,1,0,0,0,,,,,,18.686366102022706
,,,,,,,,,,,,,,,,,,,,,,,,,,,,,,,,0,0,0,1,0,0,0,,,,,,18.686366102022706
,,,,,,,,,,,,,,,,,,,,,,,,,,,,,,,,0,0,0,1,0,0,0,,,,,,18.686366102022706
,,,,,,,,,,,,,,,,,,,,,,,,,,,,,,,,0,0,0,1,0,0,0,,,,,,18.686366102022706
,,,,,,,,,,,,,,,,,,,,,,,,,,,,,,,,0,0,0,1,0,0,0,,,,,,18.686366102022706
,,,,,,,,,,,,,,,,,,,,,,,,,,,,,,,,0,0,0,1,0,0,0,,,,,,18.686366102022706
,,,,,,,,,,,,,,,,,,,,,,,,,,,,,,,,0,0,0,1,0,0,0,,,,,,18.686366102022706
,,,,,,,,,,,,,,,,,,,,,,,,,,,,,,,,0,0,0,1,0,0,0,,,,,,18.686366102022706
,,,,,,,,,,,,,,,,,,,,,,,,,,,,,,,,0,0,0,1,0,0,0,,,,,,18.686366102022706
,,,,,,,,,,,,,,,,,,,,,,,,,,,,,,,,0,0,0,1,0,0,0,,,,,,18.686366102022706
,,,,,,,,,,,,,,,,,,,,,,,,,,,,,,,,0,0,0,1,0,0,0,,,,,,18.686366102022706
,,,,,,,,,,,,,,,,,,,,,,,,,,,,,,,,0,0,0,1,0,0,0,,,,,,18.686366102022706
,,,,,,,,,,,,,,,,,,,,,,,,,,,,,,,,0,0,0,1,0,0,0,,,,,,18.686366102022706
,,,,,,,,,,,,,,,,,,,,,,,,,,,,,,,,0,0,0,1,0,0,0,,,,,,18.686366102022706
,,,,,,,,,,,,,,,,,,,,,,,,,,,,,,,,0,0,0,1,0,0,0,,,,,,18.686366102022706
,,,,,,,,,,,,,,,,,,,,,,,,,,,,,,,,0,0,0,1,0,0,0,,,,,,18.686366102022706
,,,,,,,,,,,,,,,,,,,,,,,,,,,,,,,,0,0,0,1,0,0,0,,,,,,18.686366102022706
,,,,,,,,,,,,,,,,,,,,,,,,,,,,,,,,0,0,0,1,0,0,0,,,,,,18.686366102022706
,,,,,,,,,,,,,,,,,,,,,,,,,,,,,,,,0,0,0,1,0,0,0,,,,,,18.686366102022706
,,,,,,,,,,,,,,,,,,,,,,,,,,,,,,,,0,0,0,1,0,0,0,,,,,,18.686366102022706
,,,,,,,,,,,,,,,,,,,,,,,,,,,,,,,,0,0,0,1,0,0,0,,,,,,18.686366102022706
,,,,,,,,,,,,,,,,,,,,,,,,,,,,,,,,0,0,0,1,0,0,0,,,,,,18.686366102022706
,,,,,,,,,,,,,,,,,,,,,,,,,,,,,,,,0,0,0,1,0,0,0,,,,,,18.686366102022706
,,,,,,,,,,,,,,,,,,,,,,,,,,,,,,,,0,0,0,1,0,0,0,,,,,,18.686366102022706
,,,,,,,,,,,,,,,,,,,,,,,,,,,,,,,,0,0,0,1,0,0,0,,,,,,18.686366102022706
,,,,,,,,,,,,,,,,,,,,,,,,,,,,,,,,0,0,0,1,0,0,0,,,,,,18.686366102022706
,,,,,,,,,,,,,,,,,,,,,,,,,,,,,,,,0,0,0,1,0,0,0,,,,,,18.686366102022706
,,,,,,,,,,,,,,,,,,,,,,,,,,,,,,,,0,0,0,1,0,0,0,,,,,,18.686366102022706
,,,,,,,,,,,,,,,,,,,,,,,,,,,,,,,,0,0,0,1,0,0,0,,,,,,18.686366102022706
,,,,,,,,,,,,,,,,,,,,,,,,,,,,,,,,0,0,0,1,0,0,0,,,,,,18.686366102022706
,,,,,,,,,,,,,,,,,,,,,,,,,,,,,,,,0,0,0,1,0,0,0,,,,,,18.686366102022706
,,,,,,,,,,,,,,,,,,,,,,,,,,,,,,,,0,0,0,1,0,0,0,,,,,,18.686366102022706
,,,,,,,,,,,,,,,,,,,,,,,,,,,,,,,,0,0,0,1,0,0,0,,,,,,18.686366102022706
,,,,,,,,,,,,,,,,,,,,,,,,,,,,,,,,0,0,0,1,0,0,0,,,,,,18.686366102022706
,,,,,,,,,,,,,,,,,,,,,,,,,,,,,,,,0,0,0,1,0,0,0,,,,,,18.686366102022706
,,,,,,,,,,,,,,,,,,,,,,,,,,,,,,,,0,0,0,1,0,0,0,,,,,,18.686366102022706
,,,,,,,,,,,,,,,,,,,,,,,,,,,,,,,,0,0,0,1,0,0,0,,,,,,18.686366102022706
,,,,,,,,,,,,,,,,,,,,,,,,,,,,,,,,0,0,0,1,0,0,0,,,,,,18.686366102022706
,,,,,,,,,,,,,,,,,,,,,,,,,,,,,,,,0,0,0,1,0,0,0,,,,,,18.686366102022706
,,,,,,,,,,,,,,,,,,,,,,,,,,,,,,,,0,0,0,0,1,0,0,,,,,,18.686366102022706
,,,,,,,,,,,,,,,,,,,,,,,,,,,,,,,,0,0,0,0,1,0,0,,,,,,18.686366102022706
,,,,,,,,,,,,,,,,,,,,,,,,,,,,,,,,0,0,0,0,1,0,0,,,,,,18.686366102022706
,,,,,,,,,,,,,,,,,,,,,,,,,,,,,,,,0,0,0,0,1,0,0,,,,,,18.686366102022706
,,,,,,,,,,,,,,,,,,,,,,,,,,,,,,,,0,0,0,0,1,0,0,,,,,,18.686366102022706
,,,,,,,,,,,,,,,,,,,,,,,,,,,,,,,,0,0,0,0,1,0,0,,,,,,18.686366102022706
,,,,,,,,,,,,,,,,,,,,,,,,,,,,,,,,0,0,0,0,1,0,0,,,,,,18.686366102022706
,,,,,,,,,,,,,,,,,,,,,,,,,,,,,,,,0,0,0,0,1,0,0,,,,,,18.686366102022706
,,,,,,,,,,,,,,,,,,,,,,,,,,,,,,,,0,0,0,0,1,0,0,,,,,,18.686366102022706
,,,,,,,,,,,,,,,,,,,,,,,,,,,,,,,,0,0,0,0,1,0,0,,,,,,18.686366102022706
,,,,,,,,,,,,,,,,,,,,,,,,,,,,,,,,0,0,0,0,1,0,0,,,,,,18.686366102022706
,,,,,,,,,,,,,,,,,,,,,,,,,,,,,,,,0,0,0,0,1,0,0,,,,,,18.686366102022706
,,,,,,,,,,,,,,,,,,,,,,,,,,,,,,,,0,0,0,0,1,0,0,,,,,,18.686366102022706
,,,,,,,,,,,,,,,,,,,,,,,,,,,,,,,,0,0,0,0,1,0,0,,,,,,18.686366102022706
,,,,,,,,,,,,,,,,,,,,,,,,,,,,,,,,0,0,0,0,1,0,0,,,,,,18.686366102022706
,,,,,,,,,,,,,,,,,,,,,,,,,,,,,,,,0,0,0,0,1,0,0,,,,,,18.686366102022706
,,,,,,,,,,,,,,,,,,,,,,,,,,,,,,,,0,0,0,0,1,0,0,,,,,,18.686366102022706
,,,,,,,,,,,,,,,,,,,,,,,,,,,,,,,,0,0,0,0,1,0,0,,,,,,18.686366102022706
,,,,,,,,,,,,,,,,,,,,,,,,,,,,,,,,0,0,0,0,1,0,0,,,,,,18.686366102022706
,,,,,,,,,,,,,,,,,,,,,,,,,,,,,,,,0,0,0,0,1,0,0,,,,,,18.686366102022706
,,,,,,,,,,,,,,,,,,,,,,,,,,,,,,,,0,0,0,0,1,0,0,,,,,,18.686366102022706
,,,,,,,,,,,,,,,,,,,,,,,,,,,,,,,,0,0,0,0,1,0,0,,,,,,18.686366102022706
,,,,,,,,,,,,,,,,,,,,,,,,,,,,,,,,0,0,0,0,1,0,0,,,,,,18.686366102022706
,,,,,,,,,,,,,,,,,,,,,,,,,,,,,,,,0,0,0,0,1,0,0,,,,,,18.686366102022706
,,,,,,,,,,,,,,,,,,,,,,,,,,,,,,,,0,0,0,0,1,0,0,,,,,,18.686366102022706
,,,,,,,,,,,,,,,,,,,,,,,,,,,,,,,,0,0,0,0,1,0,0,,,,,,18.686366102022706
,,,,,,,,,,,,,,,,,,,,,,,,,,,,,,,,0,0,0,0,1,0,0,,,,,,18.686366102022706
,,,,,,,,,,,,,,,,,,,,,,,,,,,,,,,,0,0,0,0,1,0,0,,,,,,18.686366102022706
,,,,,,,,,,,,,,,,,,,,,,,,,,,,,,,,0,0,0,0,1,0,0,,,,,,18.686366102022706
,,,,,,,,,,,,,,,,,,,,,,,,,,,,,,,,0,0,0,0,1,0,0,,,,,,18.686366102022706
,,,,,,,,,,,,,,,,,,,,,,,,,,,,,,,,0,0,0,0,1,0,0,,,,,,18.686366102022706
,,,,,,,,,,,,,,,,,,,,,,,,,,,,,,,,0,0,0,0,1,0,0,,,,,,18.686366102022706
,,,,,,,,,,,,,,,,,,,,,,,,,,,,,,,,0,0,0,0,1,0,0,,,,,,18.686366102022706
,,,,,,,,,,,,,,,,,,,,,,,,,,,,,,,,0,0,0,0,1,0,0,,,,,,18.686366102022706
,,,,,,,,,,,,,,,,,,,,,,,,,,,,,,,,0,0,0,0,1,0,0,,,,,,18.686366102022706
,,,,,,,,,,,,,,,,,,,,,,,,,,,,,,,,0,0,0,0,1,0,0,,,,,,18.686366102022706
,,,,,,,,,,,,,,,,,,,,,,,,,,,,,,,,0,0,0,0,1,0,0,,,,,,18.686366102022706
,,,,,,,,,,,,,,,,,,,,,,,,,,,,,,,,0,0,0,0,1,0,0,,,,,,18.686366102022706
,,,,,,,,,,,,,,,,,,,,,,,,,,,,,,,,0,0,0,0,1,0,0,,,,,,18.686366102022706
,,,,,,,,,,,,,,,,,,,,,,,,,,,,,,,,0,0,0,0,1,0,0,,,,,,18.686366102022706
,,,,,,,,,,,,,,,,,,,,,,,,,,,,,,,,0,0,0,0,1,0,0,,,,,,18.686366102022706
,,,,,,,,,,,,,,,,,,,,,,,,,,,,,,,,0,0,0,0,1,0,0,,,,,,18.686366102022706
,,,,,,,,,,,,,,,,,,,,,,,,,,,,,,,,0,0,0,0,1,0,0,,,,,,18.686366102022706
,,,,,,,,,,,,,,,,,,,,,,,,,,,,,,,,0,0,0,0,1,0,0,,,,,,18.686366102022706
,,,,,,,,,,,,,,,,,,,,,,,,,,,,,,,,0,0,0,0,1,0,0,,,,,,18.686366102022706
,,,,,,,,,,,,,,,,,,,,,,,,,,,,,,,,0,0,0,0,1,0,0,,,,,,18.686366102022706
,,,,,,,,,,,,,,,,,,,,,,,,,,,,,,,,0,0,0,0,1,0,0,,,,,,18.686366102022706
,,,,,,,,,,,,,,,,,,,,,,,,,,,,,,,,0,0,0,0,1,0,0,,,,,,18.686366102022706
,,,,,,,,,,,,,,,,,,,,,,,,,,,,,,,,0,0,0,0,1,0,0,,,,,,18.686366102022706
,,,,,,,,,,,,,,,,,,,,,,,,,,,,,,,,0,0,0,0,1,0,0,,,,,,18.686366102022706
,,,,,,,,,,,,,,,,,,,,,,,,,,,,,,,,0,0,0,0,1,0,0,,,,,,18.686366102022706
,,,,,,,,,,,,,,,,,,,,,,,,,,,,,,,,0,0,0,0,1,0,0,,,,,,18.686366102022706
,,,,,,,,,,,,,,,,,,,,,,,,,,,,,,,,0,0,0,0,1,0,0,,,,,,18.686366102022706
,,,,,,,,,,,,,,,,,,,,,,,,,,,,,,,,0,0,0,0,1,0,0,,,,,,18.686366102022706
,,,,,,,,,,,,,,,,,,,,,,,,,,,,,,,,0,0,0,0,1,0,0,,,,,,18.686366102022706
,,,,,,,,,,,,,,,,,,,,,,,,,,,,,,,,0,0,0,0,1,0,0,,,,,,18.686366102022706
,,,,,,,,,,,,,,,,,,,,,,,,,,,,,,,,0,0,0,0,1,0,0,,,,,,18.686366102022706
,,,,,,,,,,,,,,,,,,,,,,,,,,,,,,,,0,0,0,0,1,0,0,,,,,,18.686366102022706
,,,,,,,,,,,,,,,,,,,,,,,,,,,,,,,,0,0,0,0,1,0,0,,,,,,18.686366102022706
,,,,,,,,,,,,,,,,,,,,,,,,,,,,,,,,0,0,0,0,1,0,0,,,,,,18.686366102022706
,,,,,,,,,,,,,,,,,,,,,,,,,,,,,,,,0,0,0,0,1,0,0,,,,,,18.686366102022706
,,,,,,,,,,,,,,,,,,,,,,,,,,,,,,,,0,0,0,0,1,0,0,,,,,,18.686366102022706
,,,,,,,,,,,,,,,,,,,,,,,,,,,,,,,,0,0,0,0,1,0,0,,,,,,18.686366102022706
,,,,,,,,,,,,,,,,,,,,,,,,,,,,,,,,0,0,0,0,1,0,0,,,,,,18.686366102022706
,,,,,,,,,,,,,,,,,,,,,,,,,,,,,,,,0,0,0,0,1,0,0,,,,,,18.686366102022706
,,,,,,,,,,,,,,,,,,,,,,,,,,,,,,,,0,0,0,0,1,0,0,,,,,,18.686366102022706
,,,,,,,,,,,,,,,,,,,,,,,,,,,,,,,,0,0,0,0,1,0,0,,,,,,18.686366102022706
,,,,,,,,,,,,,,,,,,,,,,,,,,,,,,,,0,0,0,0,1,0,0,,,,,,18.686366102022706
,,,,,,,,,,,,,,,,,,,,,,,,,,,,,,,,0,0,0,0,1,0,0,,,,,,18.686366102022706
,,,,,,,,,,,,,,,,,,,,,,,,,,,,,,,,0,0,0,0,1,0,0,,,,,,18.686366102022706
,,,,,,,,,,,,,,,,,,,,,,,,,,,,,,,,0,0,0,0,1,0,0,,,,,,18.686366102022706
,,,,,,,,,,,,,,,,,,,,,,,,,,,,,,,,0,0,0,0,1,0,0,,,,,,18.686366102022706
,,,,,,,,,,,,,,,,,,,,,,,,,,,,,,,,0,0,0,0,1,0,0,,,,,,18.686366102022706
,,,,,,,,,,,,,,,,,,,,,,,,,,,,,,,,0,0,0,0,1,0,0,,,,,,18.686366102022706
,,,,,,,,,,,,,,,,,,,,,,,,,,,,,,,,0,0,0,0,1,0,0,,,,,,18.686366102022706
,,,,,,,,,,,,,,,,,,,,,,,,,,,,,,,,0,0,0,0,1,0,0,,,,,,18.686366102022706
,,,,,,,,,,,,,,,,,,,,,,,,,,,,,,,,0,0,0,0,1,0,0,,,,,,18.686366102022706
,,,,,,,,,,,,,,,,,,,,,,,,,,,,,,,,0,0,0,0,1,0,0,,,,,,18.686366102022706
,,,,,,,,,,,,,,,,,,,,,,,,,,,,,,,,0,0,0,0,1,0,0,,,,,,18.686366102022706
,,,,,,,,,,,,,,,,,,,,,,,,,,,,,,,,0,0,0,0,1,0,0,,,,,,18.686366102022706
,,,,,,,,,,,,,,,,,,,,,,,,,,,,,,,,0,0,0,0,1,0,0,,,,,,18.686366102022706
,,,,,,,,,,,,,,,,,,,,,,,,,,,,,,,,0,0,0,0,1,0,0,,,,,,18.686366102022706
,,,,,,,,,,,,,,,,,,,,,,,,,,,,,,,,0,0,0,0,1,0,0,,,,,,18.686366102022706
,,,,,,,,,,,,,,,,,,,,,,,,,,,,,,,,0,0,0,0,1,0,0,,,,,,18.686366102022706
,,,,,,,,,,,,,,,,,,,,,,,,,,,,,,,,0,0,0,0,1,0,0,,,,,,18.686366102022706
,,,,,,,,,,,,,,,,,,,,,,,,,,,,,,,,0,0,0,0,1,0,0,,,,,,18.686366102022706
,,,,,,,,,,,,,,,,,,,,,,,,,,,,,,,,0,0,0,0,1,0,0,,,,,,18.686366102022706
,,,,,,,,,,,,,,,,,,,,,,,,,,,,,,,,0,0,0,0,1,0,0,,,,,,18.686366102022706
,,,,,,,,,,,,,,,,,,,,,,,,,,,,,,,,0,0,0,0,1,0,0,,,,,,18.686366102022706
,,,,,,,,,,,,,,,,,,,,,,,,,,,,,,,,0,0,0,0,1,0,0,,,,,,18.686366102022706
,,,,,,,,,,,,,,,,,,,,,,,,,,,,,,,,0,0,0,0,1,0,0,,,,,,18.686366102022706
,,,,,,,,,,,,,,,,,,,,,,,,,,,,,,,,0,0,0,0,1,0,0,,,,,,18.686366102022706
,,,,,,,,,,,,,,,,,,,,,,,,,,,,,,,,0,0,0,0,1,0,0,,,,,,18.686366102022706
,,,,,,,,,,,,,,,,,,,,,,,,,,,,,,,,0,0,0,0,1,0,0,,,,,,18.686366102022706
,,,,,,,,,,,,,,,,,,,,,,,,,,,,,,,,0,0,0,0,1,0,0,,,,,,18.686366102022706
,,,,,,,,,,,,,,,,,,,,,,,,,,,,,,,,0,0,0,0,1,0,0,,,,,,18.686366102022706
,,,,,,,,,,,,,,,,,,,,,,,,,,,,,,,,0,0,0,0,1,0,0,,,,,,18.686366102022706
,,,,,,,,,,,,,,,,,,,,,,,,,,,,,,,,0,0,0,0,0,1,0,,,,,,18.686366102022706
,,,,,,,,,,,,,,,,,,,,,,,,,,,,,,,,0,0,0,0,0,1,0,,,,,,18.686366102022706
,,,,,,,,,,,,,,,,,,,,,,,,,,,,,,,,0,0,0,0,0,1,0,,,,,,18.686366102022706
,,,,,,,,,,,,,,,,,,,,,,,,,,,,,,,,0,0,0,0,0,1,0,,,,,,18.686366102022706
,,,,,,,,,,,,,,,,,,,,,,,,,,,,,,,,0,0,0,0,0,1,0,,,,,,18.686366102022706
,,,,,,,,,,,,,,,,,,,,,,,,,,,,,,,,0,0,0,0,0,1,0,,,,,,18.686366102022706
,,,,,,,,,,,,,,,,,,,,,,,,,,,,,,,,0,0,0,0,0,1,0,,,,,,18.686366102022706
,,,,,,,,,,,,,,,,,,,,,,,,,,,,,,,,0,0,0,0,0,1,0,,,,,,18.686366102022706
,,,,,,,,,,,,,,,,,,,,,,,,,,,,,,,,0,0,0,0,0,1,0,,,,,,18.686366102022706
,,,,,,,,,,,,,,,,,,,,,,,,,,,,,,,,0,0,0,0,0,1,0,,,,,,18.686366102022706
,,,,,,,,,,,,,,,,,,,,,,,,,,,,,,,,0,0,0,0,0,1,0,,,,,,18.686366102022706
,,,,,,,,,,,,,,,,,,,,,,,,,,,,,,,,0,0,0,0,0,1,0,,,,,,18.686366102022706
,,,,,,,,,,,,,,,,,,,,,,,,,,,,,,,,0,0,0,0,0,1,0,,,,,,18.686366102022706
,,,,,,,,,,,,,,,,,,,,,,,,,,,,,,,,0,0,0,0,0,1,0,,,,,,18.686366102022706
,,,,,,,,,,,,,,,,,,,,,,,,,,,,,,,,0,0,0,0,0,1,0,,,,,,18.686366102022706
,,,,,,,,,,,,,,,,,,,,,,,,,,,,,,,,0,0,0,0,0,1,0,,,,,,18.686366102022706
,,,,,,,,,,,,,,,,,,,,,,,,,,,,,,,,0,0,0,0,0,1,0,,,,,,18.686366102022706
,,,,,,,,,,,,,,,,,,,,,,,,,,,,,,,,0,0,0,0,0,1,0,,,,,,18.686366102022706
,,,,,,,,,,,,,,,,,,,,,,,,,,,,,,,,0,0,0,0,0,1,0,,,,,,18.686366102022706
,,,,,,,,,,,,,,,,,,,,,,,,,,,,,,,,0,0,0,0,0,1,0,,,,,,18.686366102022706
,,,,,,,,,,,,,,,,,,,,,,,,,,,,,,,,0,0,0,0,0,1,0,,,,,,18.686366102022706
,,,,,,,,,,,,,,,,,,,,,,,,,,,,,,,,0,0,0,0,0,1,0,,,,,,18.686366102022706
,,,,,,,,,,,,,,,,,,,,,,,,,,,,,,,,0,0,0,0,0,1,0,,,,,,18.686366102022706
,,,,,,,,,,,,,,,,,,,,,,,,,,,,,,,,0,0,0,0,0,1,0,,,,,,18.686366102022706
,,,,,,,,,,,,,,,,,,,,,,,,,,,,,,,,0,0,0,0,0,1,0,,,,,,18.686366102022706
,,,,,,,,,,,,,,,,,,,,,,,,,,,,,,,,0,0,0,0,0,1,0,,,,,,18.686366102022706
,,,,,,,,,,,,,,,,,,,,,,,,,,,,,,,,0,0,0,0,0,1,0,,,,,,18.686366102022706
,,,,,,,,,,,,,,,,,,,,,,,,,,,,,,,,0,0,0,0,0,1,0,,,,,,18.686366102022706
,,,,,,,,,,,,,,,,,,,,,,,,,,,,,,,,0,0,0,0,0,1,0,,,,,,18.686366102022706
,,,,,,,,,,,,,,,,,,,,,,,,,,,,,,,,0,0,0,0,0,1,0,,,,,,18.686366102022706
,,,,,,,,,,,,,,,,,,,,,,,,,,,,,,,,0,0,0,0,0,1,0,,,,,,18.686366102022706
,,,,,,,,,,,,,,,,,,,,,,,,,,,,,,,,0,0,0,0,0,1,0,,,,,,18.686366102022706
,,,,,,,,,,,,,,,,,,,,,,,,,,,,,,,,0,0,0,0,0,1,0,,,,,,18.686366102022706
,,,,,,,,,,,,,,,,,,,,,,,,,,,,,,,,0,0,0,0,0,1,0,,,,,,18.686366102022706
,,,,,,,,,,,,,,,,,,,,,,,,,,,,,,,,0,0,0,0,0,1,0,,,,,,18.686366102022706
,,,,,,,,,,,,,,,,,,,,,,,,,,,,,,,,0,0,0,0,0,1,0,,,,,,18.686366102022706
,,,,,,,,,,,,,,,,,,,,,,,,,,,,,,,,0,0,0,0,0,1,0,,,,,,18.686366102022706
,,,,,,,,,,,,,,,,,,,,,,,,,,,,,,,,0,0,0,0,0,1,0,,,,,,18.686366102022706
,,,,,,,,,,,,,,,,,,,,,,,,,,,,,,,,0,0,0,0,0,1,0,,,,,,18.686366102022706
,,,,,,,,,,,,,,,,,,,,,,,,,,,,,,,,0,0,0,0,0,1,0,,,,,,18.686366102022706
,,,,,,,,,,,,,,,,,,,,,,,,,,,,,,,,0,0,0,0,0,1,0,,,,,,18.686366102022706
,,,,,,,,,,,,,,,,,,,,,,,,,,,,,,,,0,0,0,0,0,1,0,,,,,,18.686366102022706
,,,,,,,,,,,,,,,,,,,,,,,,,,,,,,,,0,0,0,0,0,1,0,,,,,,18.686366102022706
,,,,,,,,,,,,,,,,,,,,,,,,,,,,,,,,0,0,0,0,0,1,0,,,,,,18.686366102022706
,,,,,,,,,,,,,,,,,,,,,,,,,,,,,,,,0,0,0,0,0,1,0,,,,,,18.686366102022706
,,,,,,,,,,,,,,,,,,,,,,,,,,,,,,,,0,0,0,0,0,1,0,,,,,,18.686366102022706
,,,,,,,,,,,,,,,,,,,,,,,,,,,,,,,,0,0,0,0,0,1,0,,,,,,18.686366102022706
,,,,,,,,,,,,,,,,,,,,,,,,,,,,,,,,0,0,0,0,0,1,0,,,,,,18.686366102022706
,,,,,,,,,,,,,,,,,,,,,,,,,,,,,,,,0,0,0,0,0,1,0,,,,,,18.686366102022706
,,,,,,,,,,,,,,,,,,,,,,,,,,,,,,,,0,0,0,0,0,1,0,,,,,,18.686366102022706
,,,,,,,,,,,,,,,,,,,,,,,,,,,,,,,,0,0,0,0,0,1,0,,,,,,18.686366102022706
,,,,,,,,,,,,,,,,,,,,,,,,,,,,,,,,0,0,0,0,0,1,0,,,,,,18.686366102022706
,,,,,,,,,,,,,,,,,,,,,,,,,,,,,,,,0,0,0,0,0,1,0,,,,,,18.686366102022706
,,,,,,,,,,,,,,,,,,,,,,,,,,,,,,,,0,0,0,0,0,1,0,,,,,,18.686366102022706
,,,,,,,,,,,,,,,,,,,,,,,,,,,,,,,,0,0,0,0,0,1,0,,,,,,18.686366102022706
,,,,,,,,,,,,,,,,,,,,,,,,,,,,,,,,0,0,0,0,0,1,0,,,,,,18.686366102022706
,,,,,,,,,,,,,,,,,,,,,,,,,,,,,,,,0,0,0,0,0,1,0,,,,,,18.686366102022706
,,,,,,,,,,,,,,,,,,,,,,,,,,,,,,,,0,0,0,0,0,1,0,,,,,,18.686366102022706
,,,,,,,,,,,,,,,,,,,,,,,,,,,,,,,,0,0,0,0,0,1,0,,,,,,18.686366102022706
,,,,,,,,,,,,,,,,,,,,,,,,,,,,,,,,0,0,0,0,0,1,0,,,,,,18.686366102022706
,,,,,,,,,,,,,,,,,,,,,,,,,,,,,,,,0,0,0,0,0,1,0,,,,,,18.686366102022706
,,,,,,,,,,,,,,,,,,,,,,,,,,,,,,,,0,0,0,0,0,1,0,,,,,,18.686366102022706
,,,,,,,,,,,,,,,,,,,,,,,,,,,,,,,,0,0,0,0,0,1,0,,,,,,18.686366102022706
,,,,,,,,,,,,,,,,,,,,,,,,,,,,,,,,0,0,0,0,0,1,0,,,,,,18.686366102022706
,,,,,,,,,,,,,,,,,,,,,,,,,,,,,,,,0,0,0,0,0,1,0,,,,,,18.686366102022706
,,,,,,,,,,,,,,,,,,,,,,,,,,,,,,,,0,0,0,0,0,1,0,,,,,,18.686366102022706
,,,,,,,,,,,,,,,,,,,,,,,,,,,,,,,,0,0,0,0,0,1,0,,,,,,18.686366102022706
,,,,,,,,,,,,,,,,,,,,,,,,,,,,,,,,0,0,0,0,0,1,0,,,,,,18.686366102022706
,,,,,,,,,,,,,,,,,,,,,,,,,,,,,,,,0,0,0,0,0,1,0,,,,,,18.686366102022706
,,,,,,,,,,,,,,,,,,,,,,,,,,,,,,,,0,0,0,0,0,1,0,,,,,,18.686366102022706
,,,,,,,,,,,,,,,,,,,,,,,,,,,,,,,,0,0,0,0,0,1,0,,,,,,18.686366102022706
,,,,,,,,,,,,,,,,,,,,,,,,,,,,,,,,0,0,0,0,0,1,0,,,,,,18.686366102022706
,,,,,,,,,,,,,,,,,,,,,,,,,,,,,,,,0,0,0,0,0,1,0,,,,,,18.686366102022706
,,,,,,,,,,,,,,,,,,,,,,,,,,,,,,,,0,0,0,0,0,1,0,,,,,,18.686366102022706
,,,,,,,,,,,,,,,,,,,,,,,,,,,,,,,,0,0,0,0,0,1,0,,,,,,18.686366102022706
,,,,,,,,,,,,,,,,,,,,,,,,,,,,,,,,0,0,0,0,0,1,0,,,,,,18.686366102022706
,,,,,,,,,,,,,,,,,,,,,,,,,,,,,,,,0,0,0,0,0,1,0,,,,,,18.686366102022706
,,,,,,,,,,,,,,,,,,,,,,,,,,,,,,,,0,0,0,0,0,1,0,,,,,,18.686366102022706
,,,,,,,,,,,,,,,,,,,,,,,,,,,,,,,,0,0,0,0,0,1,0,,,,,,18.686366102022706
,,,,,,,,,,,,,,,,,,,,,,,,,,,,,,,,0,0,0,0,0,1,0,,,,,,18.686366102022706
,,,,,,,,,,,,,,,,,,,,,,,,,,,,,,,,0,0,0,0,0,1,0,,,,,,18.686366102022706
,,,,,,,,,,,,,,,,,,,,,,,,,,,,,,,,0,0,0,0,0,1,0,,,,,,18.686366102022706
,,,,,,,,,,,,,,,,,,,,,,,,,,,,,,,,0,0,0,0,0,1,0,,,,,,18.686366102022706
,,,,,,,,,,,,,,,,,,,,,,,,,,,,,,,,0,0,0,0,0,1,0,,,,,,18.686366102022706
,,,,,,,,,,,,,,,,,,,,,,,,,,,,,,,,0,0,0,0,0,1,0,,,,,,18.686366102022706
,,,,,,,,,,,,,,,,,,,,,,,,,,,,,,,,0,0,0,0,0,1,0,,,,,,18.686366102022706
,,,,,,,,,,,,,,,,,,,,,,,,,,,,,,,,0,0,0,0,0,1,0,,,,,,18.686366102022706
,,,,,,,,,,,,,,,,,,,,,,,,,,,,,,,,0,0,0,0,0,1,0,,,,,,18.686366102022706
,,,,,,,,,,,,,,,,,,,,,,,,,,,,,,,,0,0,0,0,0,1,0,,,,,,18.686366102022706
,,,,,,,,,,,,,,,,,,,,,,,,,,,,,,,,0,0,0,0,0,1,0,,,,,,18.686366102022706
,,,,,,,,,,,,,,,,,,,,,,,,,,,,,,,,0,0,0,0,0,1,0,,,,,,18.686366102022706
,,,,,,,,,,,,,,,,,,,,,,,,,,,,,,,,0,0,0,0,0,1,0,,,,,,18.686366102022706
,,,,,,,,,,,,,,,,,,,,,,,,,,,,,,,,0,0,0,0,0,1,0,,,,,,18.686366102022706
,,,,,,,,,,,,,,,,,,,,,,,,,,,,,,,,0,0,0,0,0,1,0,,,,,,18.686366102022706
,,,,,,,,,,,,,,,,,,,,,,,,,,,,,,,,0,0,0,0,0,1,0,,,,,,18.686366102022706
,,,,,,,,,,,,,,,,,,,,,,,,,,,,,,,,0,0,0,0,0,1,0,,,,,,18.686366102022706
,,,,,,,,,,,,,,,,,,,,,,,,,,,,,,,,0,0,0,0,0,1,0,,,,,,18.686366102022706
,,,,,,,,,,,,,,,,,,,,,,,,,,,,,,,,0,0,0,0,0,0,1,,,,,,16.850492692455987
,,,,,,,,,,,,,,,,,,,,,,,,,,,,,,,,0,0,0,0,0,0,1,,,,,,16.850492692455987
,,,,,,,,,,,,,,,,,,,,,,,,,,,,,,,,0,0,0,0,0,0,1,,,,,,16.850492692455987
,,,,,,,,,,,,,,,,,,,,,,,,,,,,,,,,0,0,0,0,0,0,1,,,,,,16.850492692455987
,,,,,,,,,,,,,,,,,,,,,,,,,,,,,,,,0,0,0,0,0,0,1,,,,,,16.850492692455987
,,,,,,,,,,,,,,,,,,,,,,,,,,,,,,,,0,0,0,0,0,0,1,,,,,,16.850492692455987
,,,,,,,,,,,,,,,,,,,,,,,,,,,,,,,,0,0,0,0,0,0,1,,,,,,16.850492692455987
,,,,,,,,,,,,,,,,,,,,,,,,,,,,,,,,0,0,0,0,0,0,1,,,,,,16.850492692455987
,,,,,,,,,,,,,,,,,,,,,,,,,,,,,,,,0,0,0,0,0,0,1,,,,,,16.850492692455987
,,,,,,,,,,,,,,,,,,,,,,,,,,,,,,,,0,0,0,0,0,0,1,,,,,,16.850492692455987
,,,,,,,,,,,,,,,,,,,,,,,,,,,,,,,,0,0,0,0,0,0,1,,,,,,16.850492692455987
,,,,,,,,,,,,,,,,,,,,,,,,,,,,,,,,0,0,0,0,0,0,1,,,,,,16.850492692455987
,,,,,,,,,,,,,,,,,,,,,,,,,,,,,,,,0,0,0,0,0,0,1,,,,,,16.850492692455987
,,,,,,,,,,,,,,,,,,,,,,,,,,,,,,,,0,0,0,0,0,0,1,,,,,,16.850492692455987
,,,,,,,,,,,,,,,,,,,,,,,,,,,,,,,,0,0,0,0,0,0,1,,,,,,16.850492692455987
,,,,,,,,,,,,,,,,,,,,,,,,,,,,,,,,0,0,0,0,0,0,1,,,,,,16.850492692455987
,,,,,,,,,,,,,,,,,,,,,,,,,,,,,,,,0,0,0,0,0,0,1,,,,,,16.850492692455987
,,,,,,,,,,,,,,,,,,,,,,,,,,,,,,,,0,0,0,0,0,0,1,,,,,,16.850492692455987
,,,,,,,,,,,,,,,,,,,,,,,,,,,,,,,,0,0,0,0,0,0,1,,,,,,16.850492692455987
,,,,,,,,,,,,,,,,,,,,,,,,,,,,,,,,0,0,0,0,0,0,1,,,,,,16.850492692455987
,,,,,,,,,,,,,,,,,,,,,,,,,,,,,,,,0,0,0,0,0,0,1,,,,,,16.850492692455987
,,,,,,,,,,,,,,,,,,,,,,,,,,,,,,,,0,0,0,0,0,0,1,,,,,,16.850492692455987
,,,,,,,,,,,,,,,,,,,,,,,,,,,,,,,,0,0,0,0,0,0,1,,,,,,16.850492692455987
,,,,,,,,,,,,,,,,,,,,,,,,,,,,,,,,0,0,0,0,0,0,1,,,,,,16.850492692455987
,,,,,,,,,,,,,,,,,,,,,,,,,,,,,,,,0,0,0,0,0,0,1,,,,,,16.850492692455987
,,,,,,,,,,,,,,,,,,,,,,,,,,,,,,,,0,0,0,0,0,0,1,,,,,,16.850492692455987
,,,,,,,,,,,,,,,,,,,,,,,,,,,,,,,,0,0,0,0,0,0,1,,,,,,16.850492692455987
,,,,,,,,,,,,,,,,,,,,,,,,,,,,,,,,0,0,0,0,0,0,1,,,,,,16.850492692455987
,,,,,,,,,,,,,,,,,,,,,,,,,,,,,,,,0,0,0,0,0,0,1,,,,,,16.850492692455987
,,,,,,,,,,,,,,,,,,,,,,,,,,,,,,,,0,0,0,0,0,0,1,,,,,,16.850492692455987
,,,,,,,,,,,,,,,,,,,,,,,,,,,,,,,,0,0,0,0,0,0,1,,,,,,16.850492692455987
,,,,,,,,,,,,,,,,,,,,,,,,,,,,,,,,0,0,0,0,0,0,1,,,,,,16.850492692455987
,,,,,,,,,,,,,,,,,,,,,,,,,,,,,,,,0,0,0,0,0,0,1,,,,,,16.850492692455987
,,,,,,,,,,,,,,,,,,,,,,,,,,,,,,,,0,0,0,0,0,0,1,,,,,,16.850492692455987
,,,,,,,,,,,,,,,,,,,,,,,,,,,,,,,,0,0,0,0,0,0,1,,,,,,16.850492692455987
,,,,,,,,,,,,,,,,,,,,,,,,,,,,,,,,0,0,0,0,0,0,1,,,,,,16.850492692455987
,,,,,,,,,,,,,,,,,,,,,,,,,,,,,,,,0,0,0,0,0,0,1,,,,,,16.850492692455987
,,,,,,,,,,,,,,,,,,,,,,,,,,,,,,,,0,0,0,0,0,0,1,,,,,,16.850492692455987
,,,,,,,,,,,,,,,,,,,,,,,,,,,,,,,,0,0,0,0,0,0,1,,,,,,16.850492692455987
,,,,,,,,,,,,,,,,,,,,,,,,,,,,,,,,0,0,0,0,0,0,1,,,,,,16.850492692455987
,,,,,,,,,,,,,,,,,,,,,,,,,,,,,,,,0,0,0,0,0,0,1,,,,,,16.850492692455987
,,,,,,,,,,,,,,,,,,,,,,,,,,,,,,,,0,0,0,0,0,0,1,,,,,,16.850492692455987
,,,,,,,,,,,,,,,,,,,,,,,,,,,,,,,,0,0,0,0,0,0,1,,,,,,16.850492692455987
,,,,,,,,,,,,,,,,,,,,,,,,,,,,,,,,0,0,0,0,0,0,1,,,,,,16.850492692455987
,,,,,,,,,,,,,,,,,,,,,,,,,,,,,,,,0,0,0,0,0,0,1,,,,,,16.850492692455987
,,,,,,,,,,,,,,,,,,,,,,,,,,,,,,,,0,0,0,0,0,0,1,,,,,,16.850492692455987
,,,,,,,,,,,,,,,,,,,,,,,,,,,,,,,,0,0,0,0,0,0,1,,,,,,16.850492692455987
,,,,,,,,,,,,,,,,,,,,,,,,,,,,,,,,0,0,0,0,0,0,1,,,,,,16.850492692455987
,,,,,,,,,,,,,,,,,,,,,,,,,,,,,,,,0,0,0,0,0,0,1,,,,,,16.850492692455987
,,,,,,,,,,,,,,,,,,,,,,,,,,,,,,,,0,0,0,0,0,0,1,,,,,,16.850492692455987
,,,,,,,,,,,,,,,,,,,,,,,,,,,,,,,,0,0,0,0,0,0,1,,,,,,16.850492692455987
,,,,,,,,,,,,,,,,,,,,,,,,,,,,,,,,0,0,0,0,0,0,1,,,,,,16.850492692455987
,,,,,,,,,,,,,,,,,,,,,,,,,,,,,,,,0,0,0,0,0,0,1,,,,,,16.850492692455987
,,,,,,,,,,,,,,,,,,,,,,,,,,,,,,,,0,0,0,0,0,0,1,,,,,,16.850492692455987
,,,,,,,,,,,,,,,,,,,,,,,,,,,,,,,,0,0,0,0,0,0,1,,,,,,16.850492692455987
,,,,,,,,,,,,,,,,,,,,,,,,,,,,,,,,0,0,0,0,0,0,1,,,,,,16.850492692455987
,,,,,,,,,,,,,,,,,,,,,,,,,,,,,,,,0,0,0,0,0,0,1,,,,,,16.850492692455987
,,,,,,,,,,,,,,,,,,,,,,,,,,,,,,,,0,0,0,0,0,0,1,,,,,,16.850492692455987
,,,,,,,,,,,,,,,,,,,,,,,,,,,,,,,,0,0,0,0,0,0,1,,,,,,16.850492692455987
,,,,,,,,,,,,,,,,,,,,,,,,,,,,,,,,0,0,0,0,0,0,1,,,,,,16.850492692455987
,,,,,,,,,,,,,,,,,,,,,,,,,,,,,,,,0,0,0,0,0,0,1,,,,,,16.850492692455987
,,,,,,,,,,,,,,,,,,,,,,,,,,,,,,,,0,0,0,0,0,0,1,,,,,,16.850492692455987
,,,,,,,,,,,,,,,,,,,,,,,,,,,,,,,,0,0,0,0,0,0,1,,,,,,16.850492692455987
,,,,,,,,,,,,,,,,,,,,,,,,,,,,,,,,0,0,0,0,0,0,1,,,,,,16.850492692455987
,,,,,,,,,,,,,,,,,,,,,,,,,,,,,,,,0,0,0,0,0,0,1,,,,,,16.850492692455987
,,,,,,,,,,,,,,,,,,,,,,,,,,,,,,,,0,0,0,0,0,0,1,,,,,,16.850492692455987
,,,,,,,,,,,,,,,,,,,,,,,,,,,,,,,,0,0,0,0,0,0,1,,,,,,16.850492692455987
,,,,,,,,,,,,,,,,,,,,,,,,,,,,,,,,0,0,0,0,0,0,1,,,,,,16.850492692455987
,,,,,,,,,,,,,,,,,,,,,,,,,,,,,,,,0,0,0,0,0,0,1,,,,,,16.850492692455987
,,,,,,,,,,,,,,,,,,,,,,,,,,,,,,,,0,0,0,0,0,0,1,,,,,,16.850492692455987
,,,,,,,,,,,,,,,,,,,,,,,,,,,,,,,,0,0,0,0,0,0,1,,,,,,16.850492692455987
,,,,,,,,,,,,,,,,,,,,,,,,,,,,,,,,0,0,0,0,0,0,1,,,,,,16.850492692455987
,,,,,,,,,,,,,,,,,,,,,,,,,,,,,,,,0,0,0,0,0,0,1,,,,,,16.850492692455987
,,,,,,,,,,,,,,,,,,,,,,,,,,,,,,,,0,0,0,0,0,0,1,,,,,,16.850492692455987
,,,,,,,,,,,,,,,,,,,,,,,,,,,,,,,,0,0,0,0,0,0,1,,,,,,16.850492692455987
,,,,,,,,,,,,,,,,,,,,,,,,,,,,,,,,0,0,0,0,0,0,1,,,,,,16.850492692455987
,,,,,,,,,,,,,,,,,,,,,,,,,,,,,,,,0,0,0,0,0,0,1,,,,,,16.850492692455987
,,,,,,,,,,,,,,,,,,,,,,,,,,,,,,,,0,0,0,0,0,0,1,,,,,,16.850492692455987
,,,,,,,,,,,,,,,,,,,,,,,,,,,,,,,,0,0,0,0,0,0,1,,,,,,16.850492692455987
,,,,,,,,,,,,,,,,,,,,,,,,,,,,,,,,0,0,0,0,0,0,1,,,,,,16.850492692455987
,,,,,,,,,,,,,,,,,,,,,,,,,,,,,,,,0,0,0,0,0,0,1,,,,,,16.850492692455987
,,,,,,,,,,,,,,,,,,,,,,,,,,,,,,,,0,0,0,0,0,0,1,,,,,,16.850492692455987
,,,,,,,,,,,,,,,,,,,,,,,,,,,,,,,,0,0,0,0,0,0,1,,,,,,16.850492692455987
,,,,,,,,,,,,,,,,,,,,,,,,,,,,,,,,0,0,0,0,0,0,1,,,,,,16.850492692455987
,,,,,,,,,,,,,,,,,,,,,,,,,,,,,,,,0,0,0,0,0,0,1,,,,,,16.850492692455987
,,,,,,,,,,,,,,,,,,,,,,,,,,,,,,,,0,0,0,0,0,0,1,,,,,,16.850492692455987
,,,,,,,,,,,,,,,,,,,,,,,,,,,,,,,,0,0,0,0,0,0,1,,,,,,16.850492692455987
,,,,,,,,,,,,,,,,,,,,,,,,,,,,,,,,0,0,0,0,0,0,1,,,,,,16.850492692455987
,,,,,,,,,,,,,,,,,,,,,,,,,,,,,,,,0,0,0,0,0,0,1,,,,,,16.850492692455987
,,,,,,,,,,,,,,,,,,,,,,,,,,,,,,,,0,0,0,0,0,0,1,,,,,,16.850492692455987
,,,,,,,,,,,,,,,,,,,,,,,,,,,,,,,,0,0,0,0,0,0,1,,,,,,16.850492692455987
,,,,,,,,,,,,,,,,,,,,,,,,,,,,,,,,0,0,0,0,0,0,1,,,,,,16.850492692455987
,,,,,,,,,,,,,,,,,,,,,,,,,,,,,,,,0,0,0,0,0,0,1,,,,,,16.850492692455987
,,,,,,,,,,,,,,,,,,,,,,,,,,,,,,,,0,0,0,0,0,0,1,,,,,,16.850492692455987
,,,,,,,,,,,,,,,,,,,,,,,,,,,,,,,,0,0,0,0,0,0,1,,,,,,16.850492692455987
,,,,,,,,,,,,,,,,,,,,,,,,,,,,,,,,0,0,0,0,0,0,1,,,,,,16.850492692455987
,,,,,,,,,,,,,,,,,,,,,,,,,,,,,,,,0,0,0,0,0,0,1,,,,,,16.850492692455987
,,,,,,,,,,,,,,,,,,,,,,,,,,,,,,,,0,0,0,0,0,0,1,,,,,,16.850492692455987
,,,,,,,,,,,,,,,,,,,,,,,,,,,,,,,,0,0,0,0,0,0,1,,,,,,16.850492692455987
,,,,,,,,,,,,,,,,,,,,,,,,,,,,,,,,0,0,0,0,0,0,1,,,,,,16.850492692455987
,,,,,,,,,,,,,,,,,,,,,,,,,,,,,,,,0,0,0,0,0,0,1,,,,,,16.850492692455987
,,,,,,,,,,,,,,,,,,,,,,,,,,,,,,,,0,0,0,0,0,0,1,,,,,,16.850492692455987
,,,,,,,,,,,,,,,,,,,,,,,,,,,,,,,,0,0,0,0,0,0,1,,,,,,16.850492692455987
,,,,,,,,,,,,,,,,,,,,,,,,,,,,,,,,0,0,0,0,0,0,1,,,,,,16.850492692455987
,,,,,,,,,,,,,,,,,,,,,,,,,,,,,,,,0,0,0,0,0,0,1,,,,,,16.850492692455987
,,,,,,,,,,,,,,,,,,,,,,,,,,,,,,,,0,0,0,0,0,0,1,,,,,,16.850492692455987
,,,,,,,,,,,,,,,,,,,,,,,,,,,,,,,,0,0,0,0,0,0,1,,,,,,16.850492692455987
,,,,,,,,,,,,,,,,,,,,,,,,,,,,,,,,0,0,0,0,0,0,1,,,,,,16.850492692455987
,,,,,,,,,,,,,,,,,,,,,,,,,,,,,,,,0,0,0,0,0,0,1,,,,,,16.850492692455987
,,,,,,,,,,,,,,,,,,,,,,,,,,,,,,,,0,0,0,0,0,0,1,,,,,,16.850492692455987
,,,,,,,,,,,,,,,,,,,,,,,,,,,,,,,,0,0,0,0,0,0,1,,,,,,16.850492692455987
,,,,,,,,,,,,,,,,,,,,,,,,,,,,,,,,0,0,0,0,0,0,1,,,,,,16.850492692455987
,,,,,,,,,,,,,,,,,,,,,,,,,,,,,,,,0,0,0,0,0,0,1,,,,,,16.850492692455987
,,,,,,,,,,,,,,,,,,,,,,,,,,,,,,,,0,0,0,0,0,0,1,,,,,,16.850492692455987
,,,,,,,,,,,,,,,,,,,,,,,,,,,,,,,,0,0,0,0,0,0,1,,,,,,16.850492692455987
,,,,,,,,,,,,,,,,,,,,,,,,,,,,,,,,0,0,0,0,0,0,1,,,,,,16.850492692455987
,,,,,,,,,,,,,,,,,,,,,,,,,,,,,,,,0,0,0,0,0,0,1,,,,,,16.850492692455987
,,,,,,,,,,,,,,,,,,,,,,,,,,,,,,,,0,0,0,0,0,0,1,,,,,,16.850492692455987
